
> roms-monorepo@0.1.0 db:seed /home/yabets/Fikre/roms-monorepo
> pnpm --filter @roms/db exec tsx seed.ts

🌱 Starting ROMS database seed...

✅ Created 7 demo users
✅ Seeded DomainCatalog (10 domains × 5 subfunctions × 5 tasks = 250 tasks)
✅ Created demo studies
✅ Created 3 demo participants
✅ Created demo samples
✅ Imported 116 inventory master-data rows from CSV
Seed failed: PrismaClientValidationError: 
Invalid `stockPrisma.stockItem.createMany()` invocation in
/home/yabets/Fikre/roms-monorepo/packages/db/seed.ts:830:33

  827 
  828 await stockPrisma.stockItem.deleteMany();
  829 if (stockItems.length > 0) {
→ 830   await stockPrisma.stockItem.createMany({
          data: [
            {
              sku: "MNTD001",
              sourceCode: "MNTD001",
              name: "Falcon tubes of 50ml (Corning)",
              category: undefined,
              quantity: 0,
              minThreshold: 1,
              checkInTotal: 0,
              checkOutTotal: 0,
              balancePercent: 0,
              unit: "units",
              createdAt: new Date("2026-01-01T00:00:00.000Z")
            },
            {
              sku: "MNTD002",
              sourceCode: "MNTD002",
              name: "Corning 50ml Centrifuge Tube (RNase and DNase free)",
              category: "Tube_Falcon",
              quantity: 17,
              minThreshold: 4,
              checkInTotal: 18,
              checkOutTotal: 1,
              balancePercent: 94,
              unit: "Bag",
              createdAt: new Date("2026-02-02T00:00:00.000Z")
            },
            {
              sku: "MNTD003",
              sourceCode: "MNTD003",
              name: "safe lock tubes 2.0ml (porensic DNA grade)",
              category: undefined,
              quantity: 20,
              minThreshold: 4,
              checkInTotal: 20,
              checkOutTotal: 0,
              balancePercent: 100,
              unit: "Pack",
              createdAt: new Date("2026-03-03T00:00:00.000Z")
            },
            {
              sku: "MNTD004",
              sourceCode: "MNTD004",
              name: "safe lock tubes 15ml (forensic DNA grade)",
              category: undefined,
              quantity: 7,
              minThreshold: 2,
              checkInTotal: 7,
              checkOutTotal: 0,
              balancePercent: 100,
              unit: "Pack",
              createdAt: new Date("2026-04-04T00:00:00.000Z")
            },
            {
              sku: "MNTD005",
              sourceCode: "MNTD005",
              name: "eppendorf tubes 5.0ml (forensic DNA grade)",
              category: undefined,
              quantity: 2,
              minThreshold: 1,
              checkInTotal: 2,
              checkOutTotal: 0,
              balancePercent: 100,
              unit: "Pack",
              createdAt: new Date("2026-05-05T00:00:00.000Z")
            },
            {
              sku: "MNTD006",
              sourceCode: "MNTD006",
              name: "eppendorf tubes 5.0ml (sterile)",
              category: undefined,
              quantity: 1,
              minThreshold: 1,
              checkInTotal: 1,
              checkOutTotal: 0,
              balancePercent: 100,
              unit: "Pack",
              createdAt: new Date("2026-06-06T00:00:00.000Z")
            },
            {
              sku: "MNTD007",
              sourceCode: "MNTD007",
              name: "microcentrifuge 1.5ml with cap (ratialb)",
              category: undefined,
              quantity: 1,
              minThreshold: 1,
              checkInTotal: 1,
              checkOutTotal: 0,
              balancePercent: 100,
              unit: "Bag",
              createdAt: new Date("2026-07-07T00:00:00.000Z")
            },
            {
              sku: "MNTD008",
              sourceCode: "MNTD008",
              name: "microcentrifuge  (fischer brand ) (6 holes)",
              category: undefined,
              quantity: 2,
              minThreshold: 1,
              checkInTotal: 2,
              checkOutTotal: 0,
              balancePercent: 100,
              unit: "Each",
              createdAt: new Date("2026-08-08T00:00:00.000Z")
            },
            {
              sku: "MNTD009",
              sourceCode: "MNTD009",
              name: "pk-25-96-well PCR plate (non skerted )",
              category: undefined,
              quantity: 3,
              minThreshold: 1,
              checkInTotal: 3,
              checkOutTotal: 0,
              balancePercent: 100,
              unit: "Pack",
              createdAt: new Date("2026-09-09T00:00:00.000Z")
            },
            {
              sku: "MNTD010",
              sourceCode: "MNTD010",
              name: "96- well full skirt PCR micro plate ,clear ( axygen )",
              category: undefined,
              quantity: 3,
              minThreshold: 1,
              checkInTotal: 5,
              checkOutTotal: 2,
              balancePercent: 60,
              unit: "Pack",
              createdAt: new Date("2026-10-10T00:00:00.000Z")
            },
            {
              sku: "MNTD011",
              sourceCode: "MNTD011",
              name: "axygen pierceable  alumnium sealing film (non sterile)",
              category: undefined,
              quantity: 13,
              minThreshold: 3,
              checkInTotal: 13,
              checkOutTotal: 0,
              balancePercent: 100,
              unit: "Pack",
              createdAt: new Date("2026-11-11T00:00:00.000Z")
            },
            {
              sku: "MNTD012",
              sourceCode: "MNTD012",
              name: "adhesive sealing sheet (clear)",
              category: undefined,
              quantity: 11,
              minThreshold: 3,
              checkInTotal: 13,
              checkOutTotal: 2,
              balancePercent: 85,
              unit: "Pack",
              createdAt: new Date("2026-12-12T00:00:00.000Z")
            },
            {
              sku: "MNTD013",
              sourceCode: "MNTD013",
              name: "0.2ml non skirted low profile 96-well PCR plate",
              category: undefined,
              quantity: 8,
              minThreshold: 2,
              checkInTotal: 8,
              checkOutTotal: 0,
              balancePercent: 100,
              unit: "Pack",
              createdAt: new Date("2026-01-13T00:00:00.000Z")
            },
            {
              sku: "MNTD014",
              sourceCode: "MNTD014",
              name: "assay plate with low evaporation lid 96 well flat bottom",
              category: undefined,
              quantity: 20,
              minThreshold: 4,
              checkInTotal: 20,
              checkOutTotal: 0,
              balancePercent: 100,
              unit: "Pack",
              createdAt: new Date("2026-02-14T00:00:00.000Z")
            },
            {
              sku: "MNTD015",
              sourceCode: "MNTD015",
              name: "quality nano plate 26k, 24-well (10)",
              category: undefined,
              quantity: 16,
              minThreshold: 4,
              checkInTotal: 16,
              checkOutTotal: 0,
              balancePercent: 100,
              unit: "Pack",
              createdAt: new Date("2026-03-15T00:00:00.000Z")
            },
            {
              sku: "MNTD016",
              sourceCode: "MNTD016",
              name: "QIAality nano plate 8.5K- 24-well(10)",
              category: undefined,
              quantity: 11,
              minThreshold: 3,
              checkInTotal: 11,
              checkOutTotal: 0,
              balancePercent: 100,
              unit: "Pack",
              createdAt: new Date("2026-04-16T00:00:00.000Z")
            },
            {
              sku: "MNTD017",
              sourceCode: "MNTD017",
              name: "1Xds DNA BR working solution",
              category: undefined,
              quantity: 12,
              minThreshold: 3,
              checkInTotal: 12,
              checkOutTotal: 0,
              balancePercent: 100,
              unit: "Each",
              createdAt: new Date("2026-05-17T00:00:00.000Z")
            },
            {
              sku: "MNTD018",
              sourceCode: "MNTD018",
              name: "RNase free 8-strip 0.2ml PCR tubes of capsF",
              category: undefined,
              quantity: 2,
              minThreshold: 1,
              checkInTotal: 2,
              checkOutTotal: 0,
              balancePercent: 100,
              unit: "Pack",
              createdAt: new Date("2026-06-18T00:00:00.000Z")
            },
            {
              sku: "MNTD019",
              sourceCode: "MNTD019",
              name: "PCR consumable with attached individual cap 0.2ml",
              category: undefined,
              quantity: 3,
              minThreshold: 1,
              checkInTotal: 3,
              checkOutTotal: 0,
              balancePercent: 100,
              unit: "Box",
              createdAt: new Date("2026-07-19T00:00:00.000Z")
            },
            {
              sku: "MNTD020",
              sourceCode: "MNTD020",
              name: "high seansetivity DNA chips (agilent)",
              category: undefined,
              quantity: 8,
              minThreshold: 2,
              checkInTotal: 8,
              checkOutTotal: 0,
              balancePercent: 100,
              unit: "Each",
              createdAt: new Date("2026-08-20T00:00:00.000Z")
            },
            {
              sku: "MNTD021",
              sourceCode: "MNTD021",
              name: "VWS PCR plate 96 well non skirted (0.2ml)",
              category: undefined,
              quantity: 170,
              minThreshold: 34,
              checkInTotal: 176,
              checkOutTotal: 6,
              balancePercent: 97,
              unit: "Pack",
              createdAt: new Date("2026-09-21T00:00:00.000Z")
            },
            {
              sku: "MNTD022",
              sourceCode: "MNTD022",
              name: "1ml lver syringe with out needle",
              category: undefined,
              quantity: 59,
              minThreshold: 12,
              checkInTotal: 61,
              checkOutTotal: 2,
              balancePercent: 97,
              unit: "Pack",
              createdAt: new Date("2026-10-22T00:00:00.000Z")
            },
            {
              sku: "MNTD023",
              sourceCode: "MNTD023",
              name: "square well-block (DNA.RNA,&protein pun)",
              category: undefined,
              quantity: 1,
              minThreshold: 1,
              checkInTotal: 1,
              checkOutTotal: 0,
              balancePercent: 100,
              unit: "Box",
              createdAt: new Date("2026-11-23T00:00:00.000Z")
            },
            {
              sku: "MNTD024",
              sourceCode: "MNTD024",
              name: "king fisher 96 tip comb",
              category: undefined,
              quantity: 2,
              minThreshold: 1,
              checkInTotal: 2,
              checkOutTotal: 0,
              balancePercent: 100,
              unit: "Pack",
              createdAt: new Date("2026-12-24T00:00:00.000Z")
            },
            {
              sku: "MNTD025",
              sourceCode: "MNTD025",
              name: "low protein birding microcentrifuge tubes 1.5ml",
              category: undefined,
              quantity: 3,
              minThreshold: 1,
              checkInTotal: 3,
              checkOutTotal: 0,
              balancePercent: 100,
              unit: "Pack",
              createdAt: new Date("2026-01-25T00:00:00.000Z")
            },
            {
              sku: "MNTD026",
              sourceCode: "MNTD026",
              name: "ultra pure agarose 500g",
              category: undefined,
              quantity: 4,
              minThreshold: 1,
              checkInTotal: 4,
              checkOutTotal: 0,
              balancePercent: 100,
              unit: "Each",
              createdAt: new Date("2026-02-26T00:00:00.000Z")
            },
            {
              sku: "MNTD027",
              sourceCode: "MNTD027",
              name: "ultra pure 10x TBE buffer 1000ml",
              category: undefined,
              quantity: 5,
              minThreshold: 1,
              checkInTotal: 5,
              checkOutTotal: 0,
              balancePercent: 100,
              unit: "Bottle",
              createdAt: new Date("2026-03-27T00:00:00.000Z")
            },
            {
              sku: "MNTD028",
              sourceCode: "MNTD028",
              name: "10X TBE buffer 0.2um filtered 1000ml",
              category: undefined,
              quantity: 2,
              minThreshold: 1,
              checkInTotal: 2,
              checkOutTotal: 0,
              balancePercent: 100,
              unit: "Bottle",
              createdAt: new Date("2026-04-28T00:00:00.000Z")
            },
            {
              sku: "MNTD029",
              sourceCode: "MNTD029",
              name: "water molecular biology grade 0.03u  filtered 1l",
              category: undefined,
              quantity: 1,
              minThreshold: 1,
              checkInTotal: 1,
              checkOutTotal: 0,
              balancePercent: 100,
              unit: "Bottle",
              createdAt: new Date("2026-05-01T00:00:00.000Z")
            },
            {
              sku: "MNTD030",
              sourceCode: "MNTD030",
              name: "sub-cell GT gel tray 15x15cm",
              category: undefined,
              quantity: 4,
              minThreshold: 1,
              checkInTotal: 4,
              checkOutTotal: 0,
              balancePercent: 100,
              unit: "Each",
              createdAt: new Date("2026-06-02T00:00:00.000Z")
            },
            {
              sku: "MNTD031",
              sourceCode: "MNTD031",
              name: "sub-cell GT gel scasting gates",
              category: undefined,
              quantity: 1,
              minThreshold: 1,
              checkInTotal: 1,
              checkOutTotal: 0,
              balancePercent: 100,
              unit: "Each",
              createdAt: new Date("2026-07-03T00:00:00.000Z")
            },
            {
              sku: "MNTD032",
              sourceCode: "MNTD032",
              name: "sub-cell GT gel caster",
              category: undefined,
              quantity: 1,
              minThreshold: 1,
              checkInTotal: 1,
              checkOutTotal: 0,
              balancePercent: 100,
              unit: "Each",
              createdAt: new Date("2026-08-04T00:00:00.000Z")
            },
            {
              sku: "MNTD033",
              sourceCode: "MNTD033",
              name: "Sub -cell GT comb 15 wall(14cmx1.5mm)",
              category: undefined,
              quantity: 4,
              minThreshold: 1,
              checkInTotal: 4,
              checkOutTotal: 0,
              balancePercent: 100,
              unit: "Each",
              createdAt: new Date("2026-09-05T00:00:00.000Z")
            },
            {
              sku: "MNTD034",
              sourceCode: "MNTD034",
              name: "Methanol 99.8%for HPLC,2.5L",
              category: undefined,
              quantity: 3,
              minThreshold: 1,
              checkInTotal: 3,
              checkOutTotal: 0,
              balancePercent: 100,
              unit: "Bottle",
              createdAt: new Date("2026-10-06T00:00:00.000Z")
            },
            {
              sku: "MNTD035",
              sourceCode: "MNTD035",
              name: "tween,20 250ml",
              category: undefined,
              quantity: 2,
              minThreshold: 1,
              checkInTotal: 2,
              checkOutTotal: 0,
              balancePercent: 100,
              unit: "Bottle",
              createdAt: new Date("2026-11-07T00:00:00.000Z")
            },
            {
              sku: "MNTD036",
              sourceCode: "MNTD036",
              name: "Nuclo mag blood 200ul(4x96 preps)",
              category: undefined,
              quantity: 15,
              minThreshold: 3,
              checkInTotal: 15,
              checkOutTotal: 0,
              balancePercent: 100,
              unit: "Each",
              createdAt: new Date("2026-12-08T00:00:00.000Z")
            },
            {
              sku: "MNTD037",
              sourceCode: "MNTD037",
              name: "96,wall accessories kit B for king fisher",
              category: undefined,
              quantity: 15,
              minThreshold: 3,
              checkInTotal: 15,
              checkOutTotal: 0,
              balancePercent: 100,
              unit: "Each",
              createdAt: new Date("2026-01-09T00:00:00.000Z")
            },
            {
              sku: "MNTD038",
              sourceCode: "MNTD038",
              name: "96 wall accessories kit B ,1 set",
              category: undefined,
              quantity: 2,
              minThreshold: 1,
              checkInTotal: 2,
              checkOutTotal: 0,
              balancePercent: 100,
              unit: "Each",
              createdAt: new Date("2026-02-10T00:00:00.000Z")
            },
            {
              sku: "MNTD039",
              sourceCode: "MNTD039",
              name: "cryovial sterlized non pyrogenic 1.8ml",
              category: undefined,
              quantity: 2,
              minThreshold: 1,
              checkInTotal: 2,
              checkOutTotal: 0,
              balancePercent: 100,
              unit: "Case",
              createdAt: new Date("2026-03-11T00:00:00.000Z")
            },
            {
              sku: "MNTD040",
              sourceCode: "MNTD040",
              name: "sodium azide.>=99.5%",
              category: undefined,
              quantity: 1,
              minThreshold: 1,
              checkInTotal: 1,
              checkOutTotal: 0,
              balancePercent: 100,
              unit: "Bottle",
              createdAt: new Date("2026-04-12T00:00:00.000Z")
            },
            {
              sku: "MNTD041",
              sourceCode: "MNTD041",
              name: "hard shell PCR plates 96 well thin white well",
              category: undefined,
              quantity: 1,
              minThreshold: 1,
              checkInTotal: 1,
              checkOutTotal: 0,
              balancePercent: 100,
              unit: "Pack",
              createdAt: new Date("2026-05-13T00:00:00.000Z")
            },
            {
              sku: "MNTD042",
              sourceCode: "MNTD042",
              name: "hard shell PCRplates 96 well white clear well",
              category: undefined,
              quantity: 1,
              minThreshold: 1,
              checkInTotal: 1,
              checkOutTotal: 0,
              balancePercent: 100,
              unit: "Pack",
              createdAt: new Date("2026-06-14T00:00:00.000Z")
            },
            {
              sku: "MNTD043",
              sourceCode: "MNTD043",
              name: "filter tip,100ul(96x1)",
              category: undefined,
              quantity: 5,
              minThreshold: 1,
              checkInTotal: 5,
              checkOutTotal: 0,
              balancePercent: 100,
              unit: "Each",
              createdAt: new Date("2026-07-15T00:00:00.000Z")
            },
            {
              sku: "MNTD044",
              sourceCode: "MNTD044",
              name: "filter tips,200ul(96x1)",
              category: undefined,
              quantity: 1,
              minThreshold: 1,
              checkInTotal: 1,
              checkOutTotal: 0,
              balancePercent: 100,
              unit: "Each",
              createdAt: new Date("2026-08-16T00:00:00.000Z")
            },
            {
              sku: "MNTD045",
              sourceCode: "MNTD045",
              name: "filter tips,10ul(96x1)",
              category: undefined,
              quantity: 1,
              minThreshold: 1,
              checkInTotal: 1,
              checkOutTotal: 0,
              balancePercent: 100,
              unit: "Each",
              createdAt: new Date("2026-09-17T00:00:00.000Z")
            },
            {
              sku: "MNTD046",
              sourceCode: "MNTD046",
              name: "filter tips 1000ul(96x1)",
              category: undefined,
              quantity: 1,
              minThreshold: 1,
              checkInTotal: 1,
              checkOutTotal: 0,
              balancePercent: 100,
              unit: "Each",
              createdAt: new Date("2026-10-18T00:00:00.000Z")
            },
            {
              sku: "MNTD047",
              sourceCode: "MNTD047",
              name: "RT-LTS 200ul f 960A/10",
              category: undefined,
              quantity: 1,
              minThreshold: 1,
              checkInTotal: 1,
              checkOutTotal: 0,
              balancePercent: 100,
              unit: "Pack",
              createdAt: new Date("2026-11-19T00:00:00.000Z")
            },
            {
              sku: "MNTD048",
              sourceCode: "MNTD048",
              name: "Neptune 20ul universal barrier tips",
              category: undefined,
              quantity: 1,
              minThreshold: 1,
              checkInTotal: 1,
              checkOutTotal: 0,
              balancePercent: 100,
              unit: "Pack",
              createdAt: new Date("2026-12-20T00:00:00.000Z")
            },
            {
              sku: "MNTD049",
              sourceCode: "MNTD049",
              name: "UTIP 10UL Tips",
              category: undefined,
              quantity: 1,
              minThreshold: 1,
              checkInTotal: 1,
              checkOutTotal: 0,
              balancePercent: 100,
              unit: "Pack",
              createdAt: new Date("2026-01-21T00:00:00.000Z")
            },
            {
              sku: "MNTD050",
              sourceCode: "MNTD050",
              name: "UTIP 1250 UL Tips",
              category: undefined,
              quantity: 1,
              minThreshold: 1,
              checkInTotal: 1,
              checkOutTotal: 0,
              balancePercent: 100,
              unit: "Pack",
              createdAt: new Date("2026-02-22T00:00:00.000Z")
            },
            {
              sku: "MNTD051",
              sourceCode: "MNTD051",
              name: "Quibit assay tubes(0.5ml)",
              category: undefined,
              quantity: 10,
              minThreshold: 2,
              checkInTotal: 10,
              checkOutTotal: 0,
              balancePercent: 100,
              unit: "Pack",
              createdAt: new Date("2026-03-23T00:00:00.000Z")
            },
            {
              sku: "MNTD052",
              sourceCode: "MNTD052",
              name: "slide box(100 slides)",
              category: undefined,
              quantity: 1,
              minThreshold: 1,
              checkInTotal: 1,
              checkOutTotal: 0,
              balancePercent: 100,
              unit: "Each",
              createdAt: new Date("2026-04-24T00:00:00.000Z")
            },
            {
              sku: "MNTD053",
              sourceCode: "MNTD053",
              name: "Tally counter",
              category: undefined,
              quantity: 1,
              minThreshold: 1,
              checkInTotal: 1,
              checkOutTotal: 0,
              balancePercent: 100,
              unit: "Each",
              createdAt: new Date("2026-05-25T00:00:00.000Z")
            },
            {
              sku: "MNTD054",
              sourceCode: "MNTD054",
              name: "Hemacue-301 machine",
              category: undefined,
              quantity: 1,
              minThreshold: 1,
              checkInTotal: 1,
              checkOutTotal: 0,
              balancePercent: 100,
              unit: "Each",
              createdAt: new Date("2026-06-26T00:00:00.000Z")
            },
            {
              sku: "MNTD055",
              sourceCode: "MNTD055",
              name: "minigrip bag PE 100ul 100x150",
              category: undefined,
              quantity: 2,
              minThreshold: 1,
              checkInTotal: 2,
              checkOutTotal: 0,
              balancePercent: 100,
              unit: "Case",
              createdAt: new Date("2026-07-27T00:00:00.000Z")
            },
            {
              sku: "MNTD056",
              sourceCode: "MNTD056",
              name: "PCR tube strip of 8 with cap strip 0.25ml flat",
              category: undefined,
              quantity: 2,
              minThreshold: 1,
              checkInTotal: 2,
              checkOutTotal: 0,
              balancePercent: 100,
              unit: "Box",
              createdAt: new Date("2026-08-28T00:00:00.000Z")
            },
            {
              sku: "MNTD057",
              sourceCode: "MNTD057",
              name: "magpix drive fluid plus 4/pack",
              category: undefined,
              quantity: 3,
              minThreshold: 1,
              checkInTotal: 3,
              checkOutTotal: 0,
              balancePercent: 100,
              unit: "Each",
              createdAt: new Date("2026-09-01T00:00:00.000Z")
            },
            {
              sku: "MNTD058",
              sourceCode: "MNTD058",
              name: "safe lock tubes 1.5 ml(eppidrof/individual",
              category: undefined,
              quantity: 1,
              minThreshold: 1,
              checkInTotal: 1,
              checkOutTotal: 0,
              balancePercent: 100,
              unit: "Pack",
              createdAt: new Date("2026-10-02T00:00:00.000Z")
            },
            {
              sku: "MNTD059",
              sourceCode: "MNTD059",
              name: "bio-plex pro flat bottom plates",
              category: undefined,
              quantity: 18,
              minThreshold: 4,
              checkInTotal: 18,
              checkOutTotal: 0,
              balancePercent: 100,
              unit: "Pack",
              createdAt: new Date("2026-11-03T00:00:00.000Z")
            },
            {
              sku: "MNTD060",
              sourceCode: "MNTD060",
              name: "96 well connical bottom 0.45 mlRNAas/DNAasefre",
              category: undefined,
              quantity: 6,
              minThreshold: 2,
              checkInTotal: 6,
              checkOutTotal: 0,
              balancePercent: 100,
              unit: "Pack",
              createdAt: new Date("2026-12-04T00:00:00.000Z")
            },
            {
              sku: "MNTD061",
              sourceCode: "MNTD061",
              name: "speciality tips micro pipets tips(0.1-10)nonsteroids",
              category: undefined,
              quantity: 11,
              minThreshold: 3,
              checkInTotal: 11,
              checkOutTotal: 0,
              balancePercent: 100,
              unit: "Pack",
              createdAt: new Date("2026-01-05T00:00:00.000Z")
            },
            {
              sku: "MNTD062",
              sourceCode: "MNTD062",
              name: "Mine elate PCR purification kit(250)",
              category: undefined,
              quantity: 1,
              minThreshold: 1,
              checkInTotal: 1,
              checkOutTotal: 0,
              balancePercent: 100,
              unit: "Box",
              createdAt: new Date("2026-02-06T00:00:00.000Z")
            },
            {
              sku: "MNTD063",
              sourceCode: "MNTD063",
              name: "QIAquick  96 PCR purification kit(4)",
              category: undefined,
              quantity: 2,
              minThreshold: 1,
              checkInTotal: 2,
              checkOutTotal: 0,
              balancePercent: 100,
              unit: "Box",
              createdAt: new Date("2026-03-07T00:00:00.000Z")
            },
            {
              sku: "MNTD064",
              sourceCode: "MNTD064",
              name: "aglinet syringe kit(for bio analyser)",
              category: undefined,
              quantity: 7,
              minThreshold: 2,
              checkInTotal: 7,
              checkOutTotal: 0,
              balancePercent: 100,
              unit: "Piece",
              createdAt: new Date("2026-04-08T00:00:00.000Z")
            },
            {
              sku: "MNTD065",
              sourceCode: "MNTD065",
              name: "Lumo color permanent marker",
              category: undefined,
              quantity: 4,
              minThreshold: 1,
              checkInTotal: 4,
              checkOutTotal: 0,
              balancePercent: 100,
              unit: "Pack",
              createdAt: new Date("2026-05-09T00:00:00.000Z")
            },
            {
              sku: "MNTD066",
              sourceCode: "MNTD066",
              name: "RNSY mini kit(250)Qiagen",
              category: undefined,
              quantity: 4,
              minThreshold: 1,
              checkInTotal: 4,
              checkOutTotal: 0,
              balancePercent: 100,
              unit: "Box",
              createdAt: new Date("2026-06-10T00:00:00.000Z")
            },
            {
              sku: "MNTD067",
              sourceCode: "MNTD067",
              name: "BD micro tainer k2E Blood collection tube",
              category: undefined,
              quantity: 14,
              minThreshold: 3,
              checkInTotal: 14,
              checkOutTotal: 0,
              balancePercent: 100,
              unit: "Pack",
              createdAt: new Date("2026-07-11T00:00:00.000Z")
            },
            {
              sku: "MNTD068",
              sourceCode: "MNTD068",
              name: "BD micro tainer k2E blood collection tube",
              category: undefined,
              quantity: 7,
              minThreshold: 2,
              checkInTotal: 7,
              checkOutTotal: 0,
              balancePercent: 100,
              unit: "Pack",
              createdAt: new Date("2026-08-12T00:00:00.000Z")
            },
            {
              sku: "MNTD069",
              sourceCode: "MNTD069",
              name: "sterile 2ml poly propylene(sealer)",
              category: undefined,
              quantity: 4,
              minThreshold: 1,
              checkInTotal: 4,
              checkOutTotal: 0,
              balancePercent: 100,
              unit: "Pack",
              createdAt: new Date("2026-09-13T00:00:00.000Z")
            },
            {
              sku: "MNTD070",
              sourceCode: "MNTD070",
              name: "0.1mm Zirconia(silicabead(454 grams))",
              category: undefined,
              quantity: 4,
              minThreshold: 1,
              checkInTotal: 4,
              checkOutTotal: 0,
              balancePercent: 100,
              unit: "Bottle",
              createdAt: new Date("2026-10-14T00:00:00.000Z")
            },
            {
              sku: "MNTD071",
              sourceCode: "MNTD071",
              name: "larva try(medium size)",
              category: undefined,
              quantity: 97,
              minThreshold: 20,
              checkInTotal: 97,
              checkOutTotal: 0,
              balancePercent: 100,
              unit: "Each",
              createdAt: new Date("2026-11-15T00:00:00.000Z")
            },
            {
              sku: "MNTD072",
              sourceCode: "MNTD072",
              name: "parafilm(10.2cmx38.1m)",
              category: undefined,
              quantity: 6,
              minThreshold: 2,
              checkInTotal: 6,
              checkOutTotal: 0,
              balancePercent: 100,
              unit: "Roll",
              createdAt: new Date("2026-12-16T00:00:00.000Z")
            },
            {
              sku: "MNTD073",
              sourceCode: "MNTD073",
              name: "parafilm(10.2cmx76.2m)",
              category: undefined,
              quantity: 2,
              minThreshold: 1,
              checkInTotal: 2,
              checkOutTotal: 0,
              balancePercent: 100,
              unit: "Roll",
              createdAt: new Date("2026-01-17T00:00:00.000Z")
            },
            {
              sku: "MNTD074",
              sourceCode: "MNTD074",
              name: "DNA/RNA microkit(50)",
              category: undefined,
              quantity: 1,
              minThreshold: 1,
              checkInTotal: 1,
              checkOutTotal: 0,
              balancePercent: 100,
              unit: "Box",
              createdAt: new Date("2026-02-18T00:00:00.000Z")
            },
            {
              sku: "MNTD075",
              sourceCode: "MNTD075",
              name: "microscopic cover sglasses(18x18mm)",
              category: undefined,
              quantity: 60,
              minThreshold: 12,
              checkInTotal: 60,
              checkOutTotal: 0,
              balancePercent: 100,
              unit: "Case",
              createdAt: new Date("2026-03-19T00:00:00.000Z")
            },
            {
              sku: "MNTD076",
              sourceCode: "MNTD076",
              name: "Kit RAL 555 fixtation and differential stainig",
              category: undefined,
              quantity: 7,
              minThreshold: 2,
              checkInTotal: 7,
              checkOutTotal: 0,
              balancePercent: 100,
              unit: "Kit",
              createdAt: new Date("2026-04-20T00:00:00.000Z")
            },
            {
              sku: "MNTD077",
              sourceCode: "MNTD077",
              name: "no 23 sterile disposable scarples",
              category: undefined,
              quantity: 5,
              minThreshold: 1,
              checkInTotal: 5,
              checkOutTotal: 0,
              balancePercent: 100,
              unit: "Pack",
              createdAt: new Date("2026-05-21T00:00:00.000Z")
            },
            {
              sku: "MNTD078",
              sourceCode: "MNTD078",
              name: "millex syringe driven filxer units",
              category: undefined,
              quantity: 3,
              minThreshold: 1,
              checkInTotal: 3,
              checkOutTotal: 0,
              balancePercent: 100,
              unit: "Pack",
              createdAt: new Date("2026-06-22T00:00:00.000Z")
            },
            {
              sku: "MNTD079",
              sourceCode: "MNTD079",
              name: "TOP vision agarose 500g",
              category: undefined,
              quantity: 1,
              minThreshold: 1,
              checkInTotal: 1,
              checkOutTotal: 0,
              balancePercent: 100,
              unit: "Each",
              createdAt: new Date("2026-07-23T00:00:00.000Z")
            },
            {
              sku: "MNTD080",
              sourceCode: "MNTD080",
              name: "permanent marker point black",
              category: undefined,
              quantity: 3,
              minThreshold: 1,
              checkInTotal: 3,
              checkOutTotal: 0,
              balancePercent: 100,
              unit: "Pack",
              createdAt: new Date("2026-08-24T00:00:00.000Z")
            },
            {
              sku: "MNTD081",
              sourceCode: "MNTD081",
              name: "microscopic cover glasses(22x22mm)",
              category: undefined,
              quantity: 10,
              minThreshold: 2,
              checkInTotal: 10,
              checkOutTotal: 0,
              balancePercent: 100,
              unit: "Pack",
              createdAt: new Date("2026-09-25T00:00:00.000Z")
            },
            {
              sku: "MNTD082",
              sourceCode: "MNTD082",
              name: "BD micro tainer contact activated lancet 1.55mm",
              category: undefined,
              quantity: 10,
              minThreshold: 2,
              checkInTotal: 10,
              checkOutTotal: 0,
              balancePercent: 100,
              unit: "Pack",
              createdAt: new Date("2026-10-26T00:00:00.000Z")
            },
            {
              sku: "MNTD083",
              sourceCode: "MNTD083",
              name: "PCR consumable 8 tubes 0.2ml flat caps",
              category: undefined,
              quantity: 7,
              minThreshold: 2,
              checkInTotal: 7,
              checkOutTotal: 0,
              balancePercent: 100,
              unit: "Box",
              createdAt: new Date("2026-11-27T00:00:00.000Z")
            },
            {
              sku: "MNTD084",
              sourceCode: "MNTD084",
              name: "hard shell PCR plates 96 well low profile semi scerted",
              category: undefined,
              quantity: 1,
              minThreshold: 1,
              checkInTotal: 1,
              checkOutTotal: 0,
              balancePercent: 100,
              unit: "Box",
              createdAt: new Date("2026-12-28T00:00:00.000Z")
            },
            {
              sku: "MNTD085",
              sourceCode: "MNTD085",
              name: "Hemacue HB-301 micro cuvetes(4x50)",
              category: undefined,
              quantity: 6,
              minThreshold: 2,
              checkInTotal: 6,
              checkOutTotal: 0,
              balancePercent: 100,
              unit: "Pack",
              createdAt: new Date("2026-01-01T00:00:00.000Z")
            },
            {
              sku: "MNTD086",
              sourceCode: "MNTD086",
              name: "universal indicator strips PH01-14",
              category: undefined,
              quantity: 2,
              minThreshold: 1,
              checkInTotal: 2,
              checkOutTotal: 0,
              balancePercent: 100,
              unit: "Pack",
              createdAt: new Date("2026-02-02T00:00:00.000Z")
            },
            {
              sku: "MNTD087",
              sourceCode: "MNTD087",
              name: "Eppendorff tubes 5ml(PCR clean)",
              category: undefined,
              quantity: 2,
              minThreshold: 1,
              checkInTotal: 2,
              checkOutTotal: 0,
              balancePercent: 100,
              unit: "Pack",
              createdAt: new Date("2026-03-03T00:00:00.000Z")
            },
            {
              sku: "MNTD088",
              sourceCode: "MNTD088",
              name: "super clear 5ml tubes with attached caps",
              category: undefined,
              quantity: 1,
              minThreshold: 1,
              checkInTotal: 1,
              checkOutTotal: 0,
              balancePercent: 100,
              unit: "Bag",
              createdAt: new Date("2026-04-04T00:00:00.000Z")
            },
            {
              sku: "MNTD089",
              sourceCode: "MNTD089",
              name: "Lens cleaning tissue brush and solution",
              category: undefined,
              quantity: 1,
              minThreshold: 1,
              checkInTotal: 1,
              checkOutTotal: 0,
              balancePercent: 100,
              unit: "Each",
              createdAt: new Date("2026-05-05T00:00:00.000Z")
            },
            {
              sku: "MNTD090",
              sourceCode: "MNTD090",
              name: "microscopic cover glasses(20x20mm)",
              category: undefined,
              quantity: 1,
              minThreshold: 1,
              checkInTotal: 1,
              checkOutTotal: 0,
              balancePercent: 100,
              unit: "Pack",
              createdAt: new Date("2026-06-06T00:00:00.000Z")
            },
            {
              sku: "MNTD091",
              sourceCode: "MNTD091",
              name: "0.2 ml skrited 96 well PCRplate white)",
              category: undefined,
              quantity: 17,
              minThreshold: 4,
              checkInTotal: 17,
              checkOutTotal: 0,
              balancePercent: 100,
              unit: "Pack",
              createdAt: new Date("2026-07-07T00:00:00.000Z")
            },
            {
              sku: "MNTD092",
              sourceCode: "MNTD092",
              name: "TweezersMM-SA(forceps)",
              category: undefined,
              quantity: 3,
              minThreshold: 1,
              checkInTotal: 3,
              checkOutTotal: 0,
              balancePercent: 100,
              unit: "Each",
              createdAt: new Date("2026-08-08T00:00:00.000Z")
            },
            {
              sku: "MNTD093",
              sourceCode: "MNTD093",
              name: "Giemsa stain powder 25gm",
              category: undefined,
              quantity: 2,
              minThreshold: 1,
              checkInTotal: 2,
              checkOutTotal: 0,
              balancePercent: 100,
              unit: "Each",
              createdAt: new Date("2026-09-09T00:00:00.000Z")
            },
            {
              sku: "MNTD094",
              sourceCode: "MNTD094",
              name: "Giemsa stain(M,S)100gm",
              category: undefined,
              quantity: 1,
              minThreshold: 1,
              checkInTotal: 1,
              checkOutTotal: 0,
              balancePercent: 100,
              unit: "Each",
              createdAt: new Date("2026-10-10T00:00:00.000Z")
            },
            {
              sku: "MNTD095",
              sourceCode: "MNTD095",
              name: "cichild XL sticks(larva food) 325 gm",
              category: undefined,
              quantity: 9,
              minThreshold: 2,
              checkInTotal: 9,
              checkOutTotal: 0,
              balancePercent: 100,
              unit: "Gram",
              createdAt: new Date("2026-11-11T00:00:00.000Z")
            },
            {
              sku: "MNTD096",
              sourceCode: "MNTD096",
              name: "Centrifuge tubes screw C sterile 50ml",
              category: undefined,
              quantity: 10,
              minThreshold: 2,
              checkInTotal: 10,
              checkOutTotal: 0,
              balancePercent: 100,
              unit: "Pack",
              createdAt: new Date("2026-12-12T00:00:00.000Z")
            },
            {
              sku: "MNTD097",
              sourceCode: "MNTD097",
              name: "Mini grip REsealable(09mmx114mmx50mg)",
              category: undefined,
              quantity: 20,
              minThreshold: 4,
              checkInTotal: 20,
              checkOutTotal: 0,
              balancePercent: 100,
              unit: "Pack",
              createdAt: new Date("2026-01-13T00:00:00.000Z")
            },
            {
              sku: "MNTD098",
              sourceCode: "MNTD098",
              name: "Mini grip write on bags (230mmx325mm)",
              category: undefined,
              quantity: 10,
              minThreshold: 2,
              checkInTotal: 10,
              checkOutTotal: 0,
              balancePercent: 100,
              unit: "Pack",
              createdAt: new Date("2026-02-14T00:00:00.000Z")
            },
            {
              sku: "MNTD099",
              sourceCode: "MNTD099",
              name: "1set eppedorf conical tubes 25ml screw cup sterile",
              category: undefined,
              quantity: 3,
              minThreshold: 1,
              checkInTotal: 3,
              checkOutTotal: 0,
              balancePercent: 100,
              unit: "Bag",
              createdAt: new Date("2026-03-15T00:00:00.000Z")
            },
            {
              sku: "MNTD100",
              sourceCode: "MNTD100",
              name: "filterd yellow rack tips(200ul)",
              category: undefined,
              quantity: 1,
              minThreshold: 1,
              checkInTotal: 1,
              checkOutTotal: 0,
              balancePercent: 100,
              unit: "Case",
              createdAt: new Date("2026-04-16T00:00:00.000Z")
            },
            {
              sku: "MNTD101",
              sourceCode: "MNTD101",
              name: "Blant fill needle 40 0bevel 18GX38mm",
              category: undefined,
              quantity: 22,
              minThreshold: 5,
              checkInTotal: 22,
              checkOutTotal: 0,
              balancePercent: 100,
              unit: "Pack",
              createdAt: new Date("2026-05-17T00:00:00.000Z")
            },
            {
              sku: "MNTD102",
              sourceCode: "MNTD102",
              name: "Medicine pounch(10.5x7.5cm)",
              category: undefined,
              quantity: 2,
              minThreshold: 1,
              checkInTotal: 2,
              checkOutTotal: 0,
              balancePercent: 100,
              unit: "Pack",
              createdAt: new Date("2026-06-18T00:00:00.000Z")
            },
            {
              sku: "MNTD103",
              sourceCode: "MNTD103",
              name: "malaria AgPF/Pv(PLDH/PLDH)RDTkits",
              category: undefined,
              quantity: 240,
              minThreshold: 48,
              checkInTotal: 240,
              checkOutTotal: 0,
              balancePercent: 100,
              unit: "Pack",
              createdAt: new Date("2026-07-19T00:00:00.000Z")
            },
            {
              sku: "MNTD104",
              sourceCode: "MNTD104",
              name: "15ml polypropylene conical tubes(17x120mm style)",
              category: undefined,
              quantity: 1,
              minThreshold: 1,
              checkInTotal: 1,
              checkOutTotal: 0,
              balancePercent: 100,
              unit: "Case",
              createdAt: new Date("2026-08-20T00:00:00.000Z")
            },
            {
              sku: "MNTD105",
              sourceCode: "MNTD105",
              name: "48 well celkl culture plate flat bottom",
              category: undefined,
              quantity: 76,
              minThreshold: 16,
              checkInTotal: 76,
              checkOutTotal: 0,
              balancePercent: 100,
              unit: "Each",
              createdAt: new Date("2026-09-21T00:00:00.000Z")
            },
            {
              sku: "MNTD106",
              sourceCode: "MNTD106",
              name: "malaria Agpf(pLDH/HRPII)",
              category: undefined,
              quantity: 62,
              minThreshold: 13,
              checkInTotal: 62,
              checkOutTotal: 0,
              balancePercent: 100,
              unit: "Pack",
              createdAt: new Date("2026-10-22T00:00:00.000Z")
            },
            {
              sku: "MNTD107",
              sourceCode: "MNTD107",
              name: "cell culture treated surface filter cap T-25 flasks",
              category: undefined,
              quantity: 80,
              minThreshold: 16,
              checkInTotal: 80,
              checkOutTotal: 0,
              balancePercent: 100,
              unit: "Pack",
              createdAt: new Date("2026-11-23T00:00:00.000Z")
            },
            {
              sku: "MNTD108",
              sourceCode: "MNTD108",
              name: "Mono jet almunium hab blunt needle 22G",
              category: undefined,
              quantity: 4,
              minThreshold: 1,
              checkInTotal: 4,
              checkOutTotal: 0,
              balancePercent: 100,
              unit: "Pack",
              createdAt: new Date("2026-12-24T00:00:00.000Z")
            },
            {
              sku: "MNTD109",
              sourceCode: "MNTD109",
              name: "UTIPS filterd racked pipets tips 300ul",
              category: undefined,
              quantity: 6,
              minThreshold: 2,
              checkInTotal: 6,
              checkOutTotal: 0,
              balancePercent: 100,
              unit: "Pack",
              createdAt: new Date("2026-01-25T00:00:00.000Z")
            },
            {
              sku: "MNTD110",
              sourceCode: "MNTD110",
              name: "UTIPS Filterd racked pipets tips 100ul",
              category: undefined,
              quantity: 4,
              minThreshold: 1,
              checkInTotal: 4,
              checkOutTotal: 0,
              balancePercent: 100,
              unit: "Pack",
              createdAt: new Date("2026-02-26T00:00:00.000Z")
            },
            {
              sku: "MNTD111",
              sourceCode: "MNTD111",
              name: "UTIPSfilterd racked pipet tips 20ul",
              category: undefined,
              quantity: 6,
              minThreshold: 2,
              checkInTotal: 6,
              checkOutTotal: 0,
              balancePercent: 100,
              unit: "Pack",
              createdAt: new Date("2026-03-27T00:00:00.000Z")
            },
            {
              sku: "MNTD112",
              sourceCode: "MNTD112",
              name: "UTIPSfilterd racked pipets 1000ul",
              category: undefined,
              quantity: 6,
              minThreshold: 2,
              checkInTotal: 6,
              checkOutTotal: 0,
              balancePercent: 100,
              unit: "Pack",
              createdAt: new Date("2026-04-28T00:00:00.000Z")
            },
            {
              sku: "MNTD113",
              sourceCode: "MNTD113",
              name: "screw caps with o-Rings super clear tube",
              category: undefined,
              quantity: 1,
              minThreshold: 1,
              checkInTotal: 1,
              checkOutTotal: 0,
              balancePercent: 100,
              unit: "Case",
              createdAt: new Date("2026-05-01T00:00:00.000Z")
            },
            {
              sku: "MNTD114",
              sourceCode: "MNTD114",
              name: "10ul universal barriers tips(Neptune)",
              category: undefined,
              quantity: 5,
              minThreshold: 1,
              checkInTotal: 5,
              checkOutTotal: 0,
              balancePercent: 100,
              unit: "Pack",
              createdAt: new Date("2026-06-02T00:00:00.000Z")
            },
            {
              sku: "MNTD115",
              sourceCode: "MNTD115",
              name: "200 ul universal barrier tips(neptune)",
              category: undefined,
              quantity: 5,
              minThreshold: 1,
              checkInTotal: 5,
              checkOutTotal: 0,
              balancePercent: 100,
              unit: "Pack",
              createdAt: new Date("2026-07-03T00:00:00.000Z")
            },
            {
              sku: "MNTD116",
              sourceCode: "MNTD116",
              name: "Zirconici/silica beads(1 mm dix)",
              category: undefined,
              quantity: 5,
              minThreshold: 1,
              checkInTotal: 5,
              checkOutTotal: 0,
              balancePercent: 100,
              unit: "Bottle",
              createdAt: new Date("2026-08-04T00:00:00.000Z")
            },
            {
              sku: "MNTD117",
              sourceCode: "MNTD117",
              name: "1000ul universal barriers tip(Neptune)",
              category: undefined,
              quantity: 5,
              minThreshold: 1,
              checkInTotal: 5,
              checkOutTotal: 0,
              balancePercent: 100,
              unit: "Pack",
              createdAt: new Date("2026-09-05T00:00:00.000Z")
            },
            {
              sku: "MNTD118",
              sourceCode: "MNTD118",
              name: "1ml syringe sterile",
              category: undefined,
              quantity: 5,
              minThreshold: 1,
              checkInTotal: 5,
              checkOutTotal: 0,
              balancePercent: 100,
              unit: "Pack",
              createdAt: new Date("2026-10-06T00:00:00.000Z")
            },
            {
              sku: "MNTD119",
              sourceCode: "MNTD119",
              name: "needle hypodermic 22 Gx1/4 0.7x32mmtw",
              category: undefined,
              quantity: 5,
              minThreshold: 1,
              checkInTotal: 5,
              checkOutTotal: 0,
              balancePercent: 100,
              unit: "Pack",
              createdAt: new Date("2026-11-07T00:00:00.000Z")
            },
            {
              sku: "MNTD120",
              sourceCode: "MNTD120",
              name: "2ml stripette serological pipette",
              category: undefined,
              quantity: 20,
              minThreshold: 4,
              checkInTotal: 20,
              checkOutTotal: 0,
              balancePercent: 100,
              unit: "Bag",
              createdAt: new Date("2026-12-08T00:00:00.000Z")
            },
            {
              sku: "MNTD121",
              sourceCode: "MNTD121",
              name: "10ml stripette serological pipette",
              category: undefined,
              quantity: 16,
              minThreshold: 4,
              checkInTotal: 16,
              checkOutTotal: 0,
              balancePercent: 100,
              unit: "Bag",
              createdAt: new Date("2026-01-09T00:00:00.000Z")
            },
            {
              sku: "MNTD122",
              sourceCode: "MNTD122",
              name: "plastic two-piece syrige 1ml",
              category: undefined,
              quantity: 12,
              minThreshold: 3,
              checkInTotal: 12,
              checkOutTotal: 0,
              balancePercent: 100,
              unit: "Pack",
              createdAt: new Date("2026-02-10T00:00:00.000Z")
            },
            {
              sku: "MNTD123",
              sourceCode: "MNTD123",
              name: "gentamicin reagent solution 10mg/ml",
              category: undefined,
              quantity: 36,
              minThreshold: 8,
              checkInTotal: 36,
              checkOutTotal: 0,
              balancePercent: 100,
              unit: "Vial",
              createdAt: new Date("2026-03-11T00:00:00.000Z")
            },
            {
              sku: "MNTD124",
              sourceCode: "MNTD124",
              name: "Lumefantrine powder",
              category: undefined,
              quantity: 2,
              minThreshold: 1,
              checkInTotal: 2,
              checkOutTotal: 0,
              balancePercent: 100,
              unit: "Vial",
              createdAt: new Date("2026-04-12T00:00:00.000Z")
            },
            {
              sku: "MNTD125",
              sourceCode: "MNTD125",
              name: "sodium bicarbonate 99.7% ACS reagent 25gm",
              category: undefined,
              quantity: 2,
              minThreshold: 1,
              checkInTotal: 2,
              checkOutTotal: 0,
              balancePercent: 100,
              unit: "Bottle",
              createdAt: new Date("2026-05-13T00:00:00.000Z")
            },
            {
              sku: "MNTD126",
              sourceCode: "MNTD126",
              name: "lactic acid 100ml",
              category: undefined,
              quantity: 2,
              minThreshold: 1,
              checkInTotal: 2,
              checkOutTotal: 0,
              balancePercent: 100,
              unit: "Bottle",
              createdAt: new Date("2026-06-14T00:00:00.000Z")
            },
            {
              sku: "MNTD127",
              sourceCode: "MNTD127",
              name: "percoll PH 8.5-9.5 100ml",
              category: undefined,
              quantity: 2,
              minThreshold: 1,
              checkInTotal: 2,
              checkOutTotal: 0,
              balancePercent: 100,
              unit: "Bottle",
              createdAt: new Date("2026-07-15T00:00:00.000Z")
            },
            {
              sku: "MNTD128",
              sourceCode: "MNTD128",
              name: "D- sorbitol 1kg",
              category: undefined,
              quantity: 2,
              minThreshold: 1,
              checkInTotal: 2,
              checkOutTotal: 0,
              balancePercent: 100,
              unit: "Bottle",
              createdAt: new Date("2026-08-16T00:00:00.000Z")
            },
            {
              sku: "MNTD129",
              sourceCode: "MNTD129",
              name: "EDTA (diisodium salt dihaydrate ) 500 mg",
              category: undefined,
              quantity: 2,
              minThreshold: 1,
              checkInTotal: 2,
              checkOutTotal: 0,
              balancePercent: 100,
              unit: "Bottle",
              createdAt: new Date("2026-09-17T00:00:00.000Z")
            },
            {
              sku: "MNTD130",
              sourceCode: "MNTD130",
              name: "saponin 500mg",
              category: undefined,
              quantity: 2,
              minThreshold: 1,
              checkInTotal: 2,
              checkOutTotal: 0,
              balancePercent: 100,
              unit: "Bottle",
              createdAt: new Date("2026-10-18T00:00:00.000Z")
            },
            {
              sku: "MNTD131",
              sourceCode: "MNTD131",
              name: "dimethyl sulfoxide 1L",
              category: undefined,
              quantity: 2,
              minThreshold: 1,
              checkInTotal: 2,
              checkOutTotal: 0,
              balancePercent: 100,
              unit: "Bottle",
              createdAt: new Date("2026-11-19T00:00:00.000Z")
            },
            {
              sku: "MNTD132",
              sourceCode: "MNTD132",
              name: "dimethyle sulfoxide anhydrous 3ml",
              category: undefined,
              quantity: 20,
              minThreshold: 4,
              checkInTotal: 20,
              checkOutTotal: 0,
              balancePercent: 100,
              unit: "Vial",
              createdAt: new Date("2026-12-20T00:00:00.000Z")
            },
            {
              sku: "MNTD133",
              sourceCode: "MNTD133",
              name: "tris ultra pure grade 1kg",
              category: undefined,
              quantity: 1,
              minThreshold: 1,
              checkInTotal: 1,
              checkOutTotal: 0,
              balancePercent: 100,
              unit: "Bottle",
              createdAt: new Date("2026-01-21T00:00:00.000Z")
            },
            {
              sku: "MNTD134",
              sourceCode: "MNTD134",
              name: "triton X-100 surfact -AMPS tm detergent 50ml",
              category: undefined,
              quantity: 2,
              minThreshold: 1,
              checkInTotal: 2,
              checkOutTotal: 0,
              balancePercent: 100,
              unit: "Bottle",
              createdAt: new Date("2026-02-22T00:00:00.000Z")
            },
            {
              sku: "MNTD135",
              sourceCode: "MNTD135",
              name: "hypoxanthine 100gm",
              category: undefined,
              quantity: 16,
              minThreshold: 4,
              checkInTotal: 16,
              checkOutTotal: 0,
              balancePercent: 100,
              unit: "Bottle",
              createdAt: new Date("2026-03-23T00:00:00.000Z")
            },
            {
              sku: "MNTD136",
              sourceCode: "MNTD136",
              name: "cryocane aluminum size 6-place 7 pack of 12",
              category: undefined,
              quantity: 7,
              minThreshold: 2,
              checkInTotal: 7,
              checkOutTotal: 0,
              balancePercent: 100,
              unit: "Pack",
              createdAt: new Date("2026-04-24T00:00:00.000Z")
            },
            {
              sku: "MNTD137",
              sourceCode: "MNTD137",
              name: "BD plastic pack luer  tip 10ml syring",
              category: undefined,
              quantity: 122,
              minThreshold: 25,
              checkInTotal: 122,
              checkOutTotal: 0,
              balancePercent: 100,
              unit: "Each",
              createdAt: new Date("2026-05-25T00:00:00.000Z")
            },
            {
              sku: "MNTD138",
              sourceCode: "MNTD138",
              name: "48 well cellculture plate sterile flatbottem  child",
              category: undefined,
              quantity: 100,
              minThreshold: 20,
              checkInTotal: 100,
              checkOutTotal: 0,
              balancePercent: 100,
              unit: "Each",
              createdAt: new Date("2026-06-26T00:00:00.000Z")
            },
            {
              sku: "MNTD139",
              sourceCode: "MNTD139",
              name: "24 well cell culture plate sterile with lid",
              category: undefined,
              quantity: 50,
              minThreshold: 10,
              checkInTotal: 50,
              checkOutTotal: 0,
              balancePercent: 100,
              unit: "Each",
              createdAt: new Date("2026-07-27T00:00:00.000Z")
            },
            {
              sku: "MNTD140",
              sourceCode: "MNTD140",
              name: "millex GV  filter unit 0.22um durapore pudf membrane",
              category: undefined,
              quantity: 99,
              minThreshold: 20,
              checkInTotal: 99,
              checkOutTotal: 0,
              balancePercent: 100,
              unit: "Each",
              createdAt: new Date("2026-08-28T00:00:00.000Z")
            },
            {
              sku: "MNTD141",
              sourceCode: "MNTD141",
              name: "acrodisk syringe filter 0.2 um supor mambrane",
              category: undefined,
              quantity: 50,
              minThreshold: 10,
              checkInTotal: 50,
              checkOutTotal: 0,
              balancePercent: 100,
              unit: "Each",
              createdAt: new Date("2026-09-01T00:00:00.000Z")
            },
            {
              sku: "MNTD142",
              sourceCode: "MNTD142",
              name: "lens cleaning tissue 100x150mm,25sheet",
              category: undefined,
              quantity: 2,
              minThreshold: 1,
              checkInTotal: 2,
              checkOutTotal: 0,
              balancePercent: 100,
              unit: "Pack",
              createdAt: new Date("2026-10-02T00:00:00.000Z")
            },
            {
              sku: "MNTD143",
              sourceCode: "MNTD143",
              name: "hard-shell PCR plates (96 well)thin well",
              category: undefined,
              quantity: 8,
              minThreshold: 2,
              checkInTotal: 8,
              checkOutTotal: 0,
              balancePercent: 100,
              unit: "units",
              createdAt: new Date("2026-11-03T00:00:00.000Z")
            },
            {
              sku: "MNTD144",
              sourceCode: "MNTD144",
              name: "quick gel extraction & PCR purification  combo kit",
              category: undefined,
              quantity: 4,
              minThreshold: 1,
              checkInTotal: 4,
              checkOutTotal: 0,
              balancePercent: 100,
              unit: "units",
              createdAt: new Date("2026-12-04T00:00:00.000Z")
            },
            {
              sku: "MNTD145",
              sourceCode: "MNTD145",
              name: "finn tip filter (200ul)",
              category: undefined,
              quantity: 1,
              minThreshold: 1,
              checkInTotal: 1,
              checkOutTotal: 0,
              balancePercent: 100,
              unit: "Pack",
              createdAt: new Date("2026-01-05T00:00:00.000Z")
            },
            {
              sku: "MNTD146",
              sourceCode: "MNTD146",
              name: "Utip (300ul)",
              category: undefined,
              quantity: 1,
              minThreshold: 1,
              checkInTotal: 1,
              checkOutTotal: 0,
              balancePercent: 100,
              unit: "units",
              createdAt: new Date("2026-02-06T00:00:00.000Z")
            },
            {
              sku: "MNTD147",
              sourceCode: "MNTD147",
              name: "Axygen (500ul) 96well round botform",
              category: undefined,
              quantity: 2,
              minThreshold: 1,
              checkInTotal: 2,
              checkOutTotal: 0,
              balancePercent: 100,
              unit: "Case",
              createdAt: new Date("2026-03-07T00:00:00.000Z")
            },
            {
              sku: "MNTD148",
              sourceCode: "MNTD148",
              name: "myspin 12 (termo scientific ) minicentrifug",
              category: undefined,
              quantity: 1,
              minThreshold: 1,
              checkInTotal: 1,
              checkOutTotal: 0,
              balancePercent: 100,
              unit: "units",
              createdAt: new Date("2026-04-08T00:00:00.000Z")
            },
            {
              sku: "MNTD149",
              sourceCode: "MNTD149",
              name: "1.5ml plian skirted tube (std screw cap)",
              category: undefined,
              quantity: 1000,
              minThreshold: 200,
              checkInTotal: 1000,
              checkOutTotal: 0,
              balancePercent: 100,
              unit: "Bag",
              createdAt: new Date("2026-05-09T00:00:00.000Z")
            },
            {
              sku: "MNTD150",
              sourceCode: "MNTD150",
              name: "biorad PCR sealer",
              category: undefined,
              quantity: 600,
              minThreshold: 120,
              checkInTotal: 600,
              checkOutTotal: 0,
              balancePercent: 100,
              unit: "units",
              createdAt: new Date("2026-06-10T00:00:00.000Z")
            },
            {
              sku: "MNTD151",
              sourceCode: "MNTD151",
              name: "eppindorf (2ml)",
              category: undefined,
              quantity: 500,
              minThreshold: 100,
              checkInTotal: 500,
              checkOutTotal: 0,
              balancePercent: 100,
              unit: "units",
              createdAt: new Date("2026-07-11T00:00:00.000Z")
            },
            {
              sku: "MNTD152",
              sourceCode: "MNTD152",
              name: "larg biohazard bag",
              category: undefined,
              quantity: 3,
              minThreshold: 1,
              checkInTotal: 3,
              checkOutTotal: 0,
              balancePercent: 100,
              unit: "Carton",
              createdAt: new Date("2026-08-12T00:00:00.000Z")
            },
            {
              sku: "MNTD153",
              sourceCode: "MNTD153",
              name: "DNA away (41)",
              category: undefined,
              quantity: 12,
              minThreshold: 3,
              checkInTotal: 12,
              checkOutTotal: 0,
              balancePercent: 100,
              unit: "each",
              createdAt: new Date("2026-09-13T00:00:00.000Z")
            },
            {
              sku: "MNTD154",
              sourceCode: "MNTD154",
              name: "labels roll (6 ROll/box)",
              category: undefined,
              quantity: 1,
              minThreshold: 1,
              checkInTotal: 1,
              checkOutTotal: 0,
              balancePercent: 100,
              unit: "Box",
              createdAt: new Date("2026-10-14T00:00:00.000Z")
            },
            {
              sku: "MNTD155",
              sourceCode: "MNTD155",
              name: "plate seals esay seal triagent (79x135mm)",
              category: undefined,
              quantity: 3,
              minThreshold: 1,
              checkInTotal: 3,
              checkOutTotal: 0,
              balancePercent: 100,
              unit: "Box",
              createdAt: new Date("2026-11-15T00:00:00.000Z")
            },
            {
              sku: "MNTD156",
              sourceCode: "MNTD156",
              name: "plastic cryo box",
              category: undefined,
              quantity: 5,
              minThreshold: 1,
              checkInTotal: 5,
              checkOutTotal: 0,
              balancePercent: 100,
              unit: "Box",
              createdAt: new Date("2026-12-16T00:00:00.000Z")
            },
            {
              sku: "MNTD157",
              sourceCode: "MNTD157",
              name: "latex powder free examin glave",
              category: undefined,
              quantity: 5,
              minThreshold: 1,
              checkInTotal: 5,
              checkOutTotal: 0,
              balancePercent: 100,
              unit: "Box",
              createdAt: new Date("2026-01-17T00:00:00.000Z")
            },
            {
              sku: "MNTD158",
              sourceCode: "MNTD158",
              name: "64mlx 74m wax /resin ribbon",
              category: undefined,
              quantity: 15,
              minThreshold: 3,
              checkInTotal: 15,
              checkOutTotal: 0,
              balancePercent: 100,
              unit: "Box",
              createdAt: new Date("2026-02-18T00:00:00.000Z")
            },
            {
              sku: "MNTD159",
              sourceCode: "MNTD159",
              name: "semi antomated handhold screw cap decapped",
              category: undefined,
              quantity: 1,
              minThreshold: 1,
              checkInTotal: 1,
              checkOutTotal: 0,
              balancePercent: 100,
              unit: "Box",
              createdAt: new Date("2026-03-19T00:00:00.000Z")
            },
            {
              sku: "MNTD160",
              sourceCode: "MNTD160",
              name: "G6PD",
              category: undefined,
              quantity: 5,
              minThreshold: 1,
              checkInTotal: 5,
              checkOutTotal: 0,
              balancePercent: 100,
              unit: "Bag",
              createdAt: new Date("2026-04-20T00:00:00.000Z")
            },
            {
              sku: "MNTD161",
              sourceCode: "MNTD161",
              name: "BD MICRO tainer (lancet)",
              category: undefined,
              quantity: 1,
              minThreshold: 1,
              checkInTotal: 1,
              checkOutTotal: 0,
              balancePercent: 100,
              unit: "Box",
              createdAt: new Date("2026-05-21T00:00:00.000Z")
            },
            {
              sku: "MNTD162",
              sourceCode: "MNTD162",
              name: "G6PD TEST (25 TEST KIT)",
              category: undefined,
              quantity: 2,
              minThreshold: 1,
              checkInTotal: 2,
              checkOutTotal: 0,
              balancePercent: 100,
              unit: "Box",
              createdAt: new Date("2026-06-22T00:00:00.000Z")
            },
            {
              sku: "MNTD163",
              sourceCode: "MNTD163",
              name: "microtainer (K2E ) BLOOD COLLECTION tubes",
              category: undefined,
              quantity: 16,
              minThreshold: 4,
              checkInTotal: 16,
              checkOutTotal: 0,
              balancePercent: 100,
              unit: "Box",
              createdAt: new Date("2026-07-23T00:00:00.000Z")
            },
            {
              sku: "MNTD164",
              sourceCode: "MNTD164",
              name: "universa tip( 100ul)",
              category: undefined,
              quantity: 3,
              minThreshold: 1,
              checkInTotal: 3,
              checkOutTotal: 0,
              balancePercent: 100,
              unit: "carton",
              createdAt: new Date("2026-08-24T00:00:00.000Z")
            },
            {
              sku: "MNTD165",
              sourceCode: "MNTD165",
              name: "universal pipe tip  ( 10ul)",
              category: undefined,
              quantity: 4,
              minThreshold: 1,
              checkInTotal: 4,
              checkOutTotal: 0,
              balancePercent: 100,
              unit: "Carton",
              createdAt: new Date("2026-09-25T00:00:00.000Z")
            },
            {
              sku: "MNTD166",
              sourceCode: "MNTD166",
              name: "1000ml-rapid flow filter unit",
              category: undefined,
              quantity: 35,
              minThreshold: 7,
              checkInTotal: 35,
              checkOutTotal: 0,
              balancePercent: 100,
              unit: "Carton",
              createdAt: new Date("2026-10-26T00:00:00.000Z")
            },
            {
              sku: "MNTD167",
              sourceCode: "MNTD167",
              name: "universal tip (200 ul)",
              category: undefined,
              quantity: 2,
              minThreshold: 1,
              checkInTotal: 2,
              checkOutTotal: 0,
              balancePercent: 100,
              unit: "Carton",
              createdAt: new Date("2026-11-27T00:00:00.000Z")
            },
            {
              sku: "MNTD168",
              sourceCode: "MNTD168",
              name: "universal tip (1000ul)",
              category: undefined,
              quantity: 4,
              minThreshold: 1,
              checkInTotal: 4,
              checkOutTotal: 0,
              balancePercent: 100,
              unit: "Carton",
              createdAt: new Date("2026-12-28T00:00:00.000Z")
            },
            {
              sku: "MNTD169",
              sourceCode: "MNTD169",
              name: "esay flasc 225 cm Angled  neck (500 ml)",
              category: undefined,
              quantity: 11,
              minThreshold: 3,
              checkInTotal: 11,
              checkOutTotal: 0,
              balancePercent: 100,
              unit: "Carton",
              createdAt: new Date("2026-01-01T00:00:00.000Z")
            },
            {
              sku: "MNTD170",
              sourceCode: "MNTD170",
              name: "500ml-rapid flow bottle top filter (500 )",
              category: undefined,
              quantity: 3,
              minThreshold: 1,
              checkInTotal: 3,
              checkOutTotal: 0,
              balancePercent: 100,
              unit: "Carton",
              createdAt: new Date("2026-02-02T00:00:00.000Z")
            },
            {
              sku: "MNTD171",
              sourceCode: "MNTD171",
              name: "MAG MAX 96 DNA (extraction kit)",
              category: undefined,
              quantity: 5,
              minThreshold: 1,
              checkInTotal: 18,
              checkOutTotal: 13,
              balancePercent: 28,
              unit: "Box",
              createdAt: new Date("2026-03-03T00:00:00.000Z")
            },
            {
              sku: "MNTD172",
              sourceCode: "MNTD172",
              name: "glove",
              category: undefined,
              quantity: 0,
              minThreshold: 1,
              checkInTotal: 10,
              checkOutTotal: 10,
              balancePercent: 0,
              unit: "Piece",
              createdAt: new Date("2026-04-04T00:00:00.000Z")
            },
            {
              sku: "MNTD173",
              sourceCode: "MNTD173",
              name: "syringes (5 ml)",
              category: undefined,
              quantity: 31,
              minThreshold: 7,
              checkInTotal: 31,
              checkOutTotal: 0,
              balancePercent: 100,
              unit: "units",
              createdAt: new Date("2026-05-05T00:00:00.000Z")
            },
            {
              sku: "MNTD174",
              sourceCode: "MNTD174",
              name: "NUNC esay flask ( 175)",
              category: undefined,
              quantity: 1,
              minThreshold: 1,
              checkInTotal: 1,
              checkOutTotal: 0,
              balancePercent: 100,
              unit: "Carton",
              createdAt: new Date("2026-06-06T00:00:00.000Z")
            },
            {
              sku: "MNTD175",
              sourceCode: "MNTD175",
              name: "esay  FLASK 75 filt = 5/ba6-100/case",
              category: undefined,
              quantity: 15,
              minThreshold: 3,
              checkInTotal: 15,
              checkOutTotal: 0,
              balancePercent: 100,
              unit: "Carton",
              createdAt: new Date("2026-07-07T00:00:00.000Z")
            },
            {
              sku: "MNTD176",
              sourceCode: "MNTD176",
              name: "king fisher 96 tip comb",
              category: undefined,
              quantity: 152,
              minThreshold: 31,
              checkInTotal: 153,
              checkOutTotal: 1,
              balancePercent: 99,
              unit: "Box",
              createdAt: new Date("2026-08-08T00:00:00.000Z")
            },
            {
              sku: "MNTD177",
              sourceCode: "MNTD177",
              name: "NEPTUNE ( 100 UL)",
              category: undefined,
              quantity: 17,
              minThreshold: 4,
              checkInTotal: 17,
              checkOutTotal: 0,
              balancePercent: 100,
              unit: "Box",
              createdAt: new Date("2026-09-09T00:00:00.000Z")
            },
            {
              sku: "MNTD178",
              sourceCode: "MNTD178",
              name: "NEPTUNE( 1000 UL)",
              category: undefined,
              quantity: 13,
              minThreshold: 3,
              checkInTotal: 13,
              checkOutTotal: 0,
              balancePercent: 100,
              unit: "Box",
              createdAt: new Date("2026-10-10T00:00:00.000Z")
            },
            {
              sku: "MNTD179",
              sourceCode: "MNTD179",
              name: "NEPTUNE( 200 ul)",
              category: undefined,
              quantity: 5,
              minThreshold: 1,
              checkInTotal: 5,
              checkOutTotal: 0,
              balancePercent: 100,
              unit: "Box",
              createdAt: new Date("2026-11-11T00:00:00.000Z")
            },
            {
              sku: "MNTD180",
              sourceCode: "MNTD180",
              name: "NEPTUNE (10 UL)",
              category: undefined,
              quantity: 6,
              minThreshold: 2,
              checkInTotal: 6,
              checkOutTotal: 0,
              balancePercent: 100,
              unit: "Box",
              createdAt: new Date("2026-12-12T00:00:00.000Z")
            },
            {
              sku: "MNTD181",
              sourceCode: "MNTD181",
              name: "NEPTUNE( 20 UL)",
              category: undefined,
              quantity: 2,
              minThreshold: 1,
              checkInTotal: 4,
              checkOutTotal: 2,
              balancePercent: 50,
              unit: "Box",
              createdAt: new Date("2026-01-13T00:00:00.000Z")
            },
            {
              sku: "MNTD182",
              sourceCode: "MNTD182",
              name: "ART-FILTER TIP (10 UL )",
              category: undefined,
              quantity: 14,
              minThreshold: 3,
              checkInTotal: 14,
              checkOutTotal: 0,
              balancePercent: 100,
              unit: "Box",
              createdAt: new Date("2026-02-14T00:00:00.000Z")
            },
            {
              sku: "MNTD183",
              sourceCode: "MNTD183",
              name: "ART-FILTER TIP( 1000 UL)",
              category: undefined,
              quantity: 5,
              minThreshold: 1,
              checkInTotal: 5,
              checkOutTotal: 0,
              balancePercent: 100,
              unit: "Pack",
              createdAt: new Date("2026-03-15T00:00:00.000Z")
            },
            {
              sku: "MNTD184",
              sourceCode: "MNTD184",
              name: "UTIP (10 UL) filtered  racked  pipette",
              category: undefined,
              quantity: 45,
              minThreshold: 9,
              checkInTotal: 45,
              checkOutTotal: 0,
              balancePercent: 100,
              unit: "Rack",
              createdAt: new Date("2026-04-16T00:00:00.000Z")
            },
            {
              sku: "MNTD185",
              sourceCode: "MNTD185",
              name: "UTIP( 100 UL) filtered racked pipette",
              category: undefined,
              quantity: 4,
              minThreshold: 1,
              checkInTotal: 4,
              checkOutTotal: 0,
              balancePercent: 100,
              unit: "Rack",
              createdAt: new Date("2026-05-17T00:00:00.000Z")
            },
            {
              sku: "MNTD186",
              sourceCode: "MNTD186",
              name: "UTIP (20 ul)filtered racked pipette",
              category: undefined,
              quantity: 8,
              minThreshold: 2,
              checkInTotal: 8,
              checkOutTotal: 0,
              balancePercent: 100,
              unit: "Rack",
              createdAt: new Date("2026-06-18T00:00:00.000Z")
            },
            {
              sku: "MNTD187",
              sourceCode: "MNTD187",
              name: "UTIP (1000 UL) Filtered racked pipette",
              category: undefined,
              quantity: 21,
              minThreshold: 5,
              checkInTotal: 21,
              checkOutTotal: 0,
              balancePercent: 100,
              unit: "Rack",
              createdAt: new Date("2026-07-19T00:00:00.000Z")
            },
            {
              sku: "MNTD188",
              sourceCode: "MNTD188",
              name: "96 DIP WELL PLATE ( MAGMAX )",
              category: undefined,
              quantity: 5,
              minThreshold: 1,
              checkInTotal: 25,
              checkOutTotal: 20,
              balancePercent: 20,
              unit: "Carton",
              createdAt: new Date("2026-08-20T00:00:00.000Z")
            },
            {
              sku: "MNTD189",
              sourceCode: "MNTD189",
              name: "0.2ml thin walled tubes with flat caps",
              category: undefined,
              quantity: 10,
              minThreshold: 2,
              checkInTotal: 10,
              checkOutTotal: 0,
              balancePercent: 100,
              unit: "units",
              createdAt: new Date("2026-09-21T00:00:00.000Z")
            },
            {
              sku: "MNTD190",
              sourceCode: "MNTD190",
              name: "PCR-plate,96-well low ,skirted,white",
              category: undefined,
              quantity: 5,
              minThreshold: 1,
              checkInTotal: 5,
              checkOutTotal: 0,
              balancePercent: 100,
              unit: "Pack",
              createdAt: new Date("2026-10-22T00:00:00.000Z")
            },
            {
              sku: "MNTD191",
              sourceCode: "MNTD191",
              name: "finn tip filter (20ul)",
              category: undefined,
              quantity: 3,
              minThreshold: 1,
              checkInTotal: 3,
              checkOutTotal: 0,
              balancePercent: 100,
              unit: "Pack",
              createdAt: new Date("2026-11-23T00:00:00.000Z")
            },
            {
              sku: "MNTD192",
              sourceCode: "MNTD192",
              name: "finn tip filter (300 ul)",
              category: undefined,
              quantity: 3,
              minThreshold: 1,
              checkInTotal: 3,
              checkOutTotal: 0,
              balancePercent: 100,
              unit: "Pack",
              createdAt: new Date("2026-12-24T00:00:00.000Z")
            },
            {
              sku: "MNTD193",
              sourceCode: "MNTD193",
              name: "96 well cap NATURA ( radiation sterilized )",
              category: undefined,
              quantity: 1,
              minThreshold: 1,
              checkInTotal: 1,
              checkOutTotal: 0,
              balancePercent: 100,
              unit: "Bag",
              createdAt: new Date("2026-01-25T00:00:00.000Z")
            },
            {
              sku: "MNTD194",
              sourceCode: "MNTD194",
              name: "ZERO TIP (10-300 UL)( PIPETTE micro tip )",
              category: undefined,
              quantity: 5,
              minThreshold: 1,
              checkInTotal: 5,
              checkOutTotal: 0,
              balancePercent: 100,
              unit: "units",
              createdAt: new Date("2026-02-26T00:00:00.000Z")
            },
            {
              sku: "MNTD195",
              sourceCode: "MNTD195",
              name: "ZERO TIP (10-200 UL)( PIPETTE micro tip )",
              category: undefined,
              quantity: 1,
              minThreshold: 1,
              checkInTotal: 1,
              checkOutTotal: 0,
              balancePercent: 100,
              unit: "units",
              createdAt: new Date("2026-03-27T00:00:00.000Z")
            },
            {
              sku: "MNTD197",
              sourceCode: "MNTD197",
              name: "Omiprazole",
              category: undefined,
              quantity: 30,
              minThreshold: 6,
              checkInTotal: 30,
              checkOutTotal: 0,
              balancePercent: 100,
              unit: "10 x 10",
              createdAt: new Date("2026-04-28T00:00:00.000Z")
            },
            {
              sku: "MNTD198",
              sourceCode: "MNTD198",
              name: "Ibuprofen Tablet",
              category: undefined,
              quantity: 10,
              minThreshold: 2,
              checkInTotal: 10,
              checkOutTotal: 0,
              balancePercent: 100,
              unit: "12 x 10",
              createdAt: new Date("2026-05-01T00:00:00.000Z")
            },
            {
              sku: "MNTD199",
              sourceCode: "MNTD199",
              name: "Ibuprofen Suspension",
              category: undefined,
              quantity: 20,
              minThreshold: 4,
              checkInTotal: 20,
              checkOutTotal: 0,
              balancePercent: 100,
              unit: "Bottle",
              createdAt: new Date("2026-06-02T00:00:00.000Z")
            },
            {
              sku: "MNTD200",
              sourceCode: "MNTD200",
              name: "Diclofenac Injection",
              category: undefined,
              quantity: 20,
              minThreshold: 4,
              checkInTotal: 20,
              checkOutTotal: 0,
              balancePercent: 100,
              unit: "Ampoul",
              createdAt: new Date("2026-07-03T00:00:00.000Z")
            },
            {
              sku: "MNTD201",
              sourceCode: "MNTD201",
              name: "Axilliary Thermometer",
              category: undefined,
              quantity: 20,
              minThreshold: 4,
              checkInTotal: 20,
              checkOutTotal: 0,
              balancePercent: 100,
              unit: "Each",
              createdAt: new Date("2026-08-04T00:00:00.000Z")
            },
            {
              sku: "MNTD202",
              sourceCode: "MNTD202",
              name: "Paracetamol Tablet",
              category: undefined,
              quantity: 30,
              minThreshold: 6,
              checkInTotal: 30,
              checkOutTotal: 0,
              balancePercent: 100,
              unit: "10 x 10",
              createdAt: new Date("2026-09-05T00:00:00.000Z")
            },
            {
              sku: "MNTD203",
              sourceCode: "MNTD203",
              name: "Paracetamol Suspensiom",
              category: undefined,
              quantity: 50,
              minThreshold: 10,
              checkInTotal: 50,
              checkOutTotal: 0,
              balancePercent: 100,
              unit: "Bottle",
              createdAt: new Date("2026-10-06T00:00:00.000Z")
            },
            {
              sku: "MNTD204",
              sourceCode: "MNTD204",
              name: "Chlorpheneramine",
              category: undefined,
              quantity: 2,
              minThreshold: 1,
              checkInTotal: 2,
              checkOutTotal: 0,
              balancePercent: 100,
              unit: "10 x 10",
              createdAt: new Date("2026-11-07T00:00:00.000Z")
            },
            {
              sku: "MNTD205",
              sourceCode: "MNTD205",
              name: "Optifit Tips",
              category: undefined,
              quantity: 3,
              minThreshold: 1,
              checkInTotal: 3,
              checkOutTotal: 0,
              balancePercent: 100,
              unit: "19 x 960",
              createdAt: new Date("2026-12-08T00:00:00.000Z")
            },
            {
              sku: "MNTD206",
              sourceCode: "MNTD206",
              name: "ART Pipette tips - Pre sterile of 1000ul",
              category: undefined,
              quantity: 33,
              minThreshold: 7,
              checkInTotal: 33,
              checkOutTotal: 0,
              balancePercent: 100,
              unit: "100 tips per tray, 8 trays per pack",
              createdAt: new Date("2026-01-09T00:00:00.000Z")
            },
            {
              sku: "MNTD207",
              sourceCode: "MNTD207",
              name: "Sure one pipette tip of 1000ul (Non-filter and aerosol barrier)",
              category: undefined,
              quantity: 32,
              minThreshold: 7,
              checkInTotal: 32,
              checkOutTotal: 0,
              balancePercent: 100,
              unit: "Pack of 10",
              createdAt: new Date("2026-02-10T00:00:00.000Z")
            },
            {
              sku: "MNTD208",
              sourceCode: "MNTD208",
              name: "MagMax TM 96 DNA Multisample kit",
              category: undefined,
              quantity: 93,
              minThreshold: 19,
              checkInTotal: 93,
              checkOutTotal: 0,
              balancePercent: 100,
              unit: "Box of 2",
              createdAt: new Date("2026-03-11T00:00:00.000Z")
            },
            {
              sku: "MNTD209",
              sourceCode: "MNTD209",
              name: "BD Microtainer K2E",
              category: undefined,
              quantity: 42,
              minThreshold: 9,
              checkInTotal: 42,
              checkOutTotal: 0,
              balancePercent: 100,
              unit: "4 x 50",
              createdAt: new Date("2026-04-12T00:00:00.000Z")
            },
            {
              sku: "MNTD210",
              sourceCode: "MNTD210",
              name: "G6PD Test Standard",
              category: undefined,
              quantity: 27,
              minThreshold: 6,
              checkInTotal: 27,
              checkOutTotal: 0,
              balancePercent: 100,
              unit: "Pack of 25",
              createdAt: new Date("2026-05-13T00:00:00.000Z")
            },
            {
              sku: "MNTD211",
              sourceCode: "MNTD211",
              name: "G6PD Test Control",
              category: undefined,
              quantity: 10,
              minThreshold: 2,
              checkInTotal: 10,
              checkOutTotal: 0,
              balancePercent: 100,
              unit: "Pack of 10",
              createdAt: new Date("2026-06-14T00:00:00.000Z")
            },
            {
              sku: "MNTD212",
              sourceCode: "MNTD212",
              name: "AL Adult Tablet",
              category: undefined,
              quantity: 90,
              minThreshold: 18,
              checkInTotal: 90,
              checkOutTotal: 0,
              balancePercent: 100,
              unit: "30 x 24",
              createdAt: new Date("2026-07-15T00:00:00.000Z")
            },
            {
              sku: "MNTD213",
              sourceCode: "MNTD213",
              name: "AL Dispersable Tablet",
              category: undefined,
              quantity: 14,
              minThreshold: 3,
              checkInTotal: 14,
              checkOutTotal: 0,
              balancePercent: 100,
              unit: "12 x 30",
              createdAt: new Date("2026-08-16T00:00:00.000Z")
            },
            {
              sku: "MNTD214",
              sourceCode: "MNTD214",
              name: "Disposable glove of medium size, Latex powder free",
              category: undefined,
              quantity: 19,
              minThreshold: 4,
              checkInTotal: 21,
              checkOutTotal: 2,
              balancePercent: 90,
              unit: "10 x 100",
              createdAt: new Date("2026-09-17T00:00:00.000Z")
            },
            {
              sku: "MNTD215",
              sourceCode: "MNTD215",
              name: "Kingfisher Deep well",
              category: undefined,
              quantity: 34,
              minThreshold: 7,
              checkInTotal: 34,
              checkOutTotal: 0,
              balancePercent: 100,
              unit: "50 pcs per cartoon",
              createdAt: new Date("2026-10-18T00:00:00.000Z")
            },
            {
              sku: "MNTD216",
              sourceCode: "MNTD216",
              name: "Credo Cube",
              category: undefined,
              quantity: 2,
              minThreshold: 1,
              checkInTotal: 2,
              checkOutTotal: 0,
              balancePercent: 100,
              unit: "4L and 3l",
              createdAt: new Date("2026-11-19T00:00:00.000Z")
            },
            {
              sku: "MNTD217",
              sourceCode: "MNTD217",
              name: "LimonNAxtra nitrile exam glove",
              category: undefined,
              quantity: 19,
              minThreshold: 4,
              checkInTotal: 19,
              checkOutTotal: 0,
              balancePercent: 100,
              unit: "Pack of 100",
              createdAt: new Date("2026-12-20T00:00:00.000Z")
            },
            {
              sku: "MNTD218",
              sourceCode: "MNTD218",
              name: "Silical gel",
              category: undefined,
              quantity: 13,
              minThreshold: 3,
              checkInTotal: 13,
              checkOutTotal: 0,
              balancePercent: 100,
              unit: "3kg per pack",
              createdAt: new Date("2026-01-21T00:00:00.000Z")
            },
            {
              sku: "MNTD219",
              sourceCode: "MNTD219",
              name: "Axygen fileter tips",
              category: undefined,
              quantity: 8,
              minThreshold: 2,
              checkInTotal: 8,
              checkOutTotal: 0,
              balancePercent: 100,
              unit: "10 racks per units, 5 units per pack",
              createdAt: new Date("2026-02-22T00:00:00.000Z")
            },
            {
              sku: "MNTD220",
              sourceCode: "MNTD220",
              name: "Urine caps",
              category: undefined,
              quantity: 9500,
              minThreshold: 1900,
              checkInTotal: 9500,
              checkOutTotal: 0,
              balancePercent: 100,
              unit: "Each",
              createdAt: new Date("2026-03-23T00:00:00.000Z")
            },
            {
              sku: "MNTD221",
              sourceCode: "MNTD221",
              name: "Bovine serum albumin",
              category: undefined,
              quantity: 2,
              minThreshold: 1,
              checkInTotal: 2,
              checkOutTotal: 0,
              balancePercent: 100,
              unit: "Bottle",
              createdAt: new Date("2026-04-24T00:00:00.000Z")
            },
            {
              sku: "MNTD222",
              sourceCode: "MNTD222",
              name: "Thermoscientific Nalgene Filtration Product",
              category: undefined,
              quantity: 16,
              minThreshold: 4,
              checkInTotal: 16,
              checkOutTotal: 0,
              balancePercent: 100,
              unit: "1000ml",
              createdAt: new Date("2026-05-25T00:00:00.000Z")
            },
            {
              sku: "MNTD223",
              sourceCode: "MNTD223",
              name: "Quick gel extration and PCR purification Combo Kit",
              category: undefined,
              quantity: 2,
              minThreshold: 1,
              checkInTotal: 2,
              checkOutTotal: 0,
              balancePercent: 100,
              unit: "50 Rxn",
              createdAt: new Date("2026-06-26T00:00:00.000Z")
            },
            {
              sku: "MNTD224",
              sourceCode: "MNTD224",
              name: "Yellow tips of 200ul",
              category: undefined,
              quantity: 43,
              minThreshold: 9,
              checkInTotal: 43,
              checkOutTotal: 0,
              balancePercent: 100,
              unit: "Pack of 1000",
              createdAt: new Date("2026-07-27T00:00:00.000Z")
            },
            {
              sku: "MNTD225",
              sourceCode: "MNTD225",
              name: "Superclear 5ml tubes",
              category: undefined,
              quantity: 4,
              minThreshold: 1,
              checkInTotal: 4,
              checkOutTotal: 0,
              balancePercent: 100,
              unit: "Pack of 250",
              createdAt: new Date("2026-08-28T00:00:00.000Z")
            },
            {
              sku: "MNTD226",
              sourceCode: "MNTD226",
              name: "Sterile aerosol pipette tips of 200ul",
              category: undefined,
              quantity: 1,
              minThreshold: 1,
              checkInTotal: 1,
              checkOutTotal: 0,
              balancePercent: 100,
              unit: "Pack of 10",
              createdAt: new Date("2026-09-01T00:00:00.000Z")
            },
            {
              sku: "MNTD227",
              sourceCode: "MNTD227",
              name: "Low protein binding microcentrifuge tube",
              category: undefined,
              quantity: 1,
              minThreshold: 1,
              checkInTotal: 1,
              checkOutTotal: 0,
              balancePercent: 100,
              unit: "Pack of 250",
              createdAt: new Date("2026-10-02T00:00:00.000Z")
            },
            {
              sku: "MNTD228",
              sourceCode: "MNTD228",
              name: "Rapigen RDT (pLDH/pLDH)",
              category: undefined,
              quantity: 50,
              minThreshold: 10,
              checkInTotal: 50,
              checkOutTotal: 0,
              balancePercent: 100,
              unit: "Pack of 25",
              createdAt: new Date("2026-11-03T00:00:00.000Z")
            },
            {
              sku: "MNTD229",
              sourceCode: "MNTD229",
              name: "Graduated filter tips of 1000ul",
              category: undefined,
              quantity: 2,
              minThreshold: 1,
              checkInTotal: 2,
              checkOutTotal: 0,
              balancePercent: 100,
              unit: "10 x 96",
              createdAt: new Date("2026-12-04T00:00:00.000Z")
            },
            {
              sku: "MNTD230",
              sourceCode: "MNTD230",
              name: "Bioplex pro flat-bottom plates (Mylar)",
              category: undefined,
              quantity: 5,
              minThreshold: 1,
              checkInTotal: 5,
              checkOutTotal: 0,
              balancePercent: 100,
              unit: "Pack of 40",
              createdAt: new Date("2026-01-05T00:00:00.000Z")
            },
            {
              sku: "MNTD231",
              sourceCode: "MNTD231",
              name: "Axygen aluminium sealing film",
              category: undefined,
              quantity: 16,
              minThreshold: 4,
              checkInTotal: 16,
              checkOutTotal: 0,
              balancePercent: 100,
              unit: "Pack of 100",
              createdAt: new Date("2026-02-06T00:00:00.000Z")
            },
            {
              sku: "MNTD232",
              sourceCode: "MNTD232",
              name: "Transparent plate sealer",
              category: undefined,
              quantity: 17,
              minThreshold: 4,
              checkInTotal: 17,
              checkOutTotal: 0,
              balancePercent: 100,
              unit: "Pack of 100",
              createdAt: new Date("2026-03-07T00:00:00.000Z")
            },
            {
              sku: "MNTD233",
              sourceCode: "MNTD233",
              name: "Reagent Reserviour of 10ml plate of 100",
              category: undefined,
              quantity: 15,
              minThreshold: 3,
              checkInTotal: 15,
              checkOutTotal: 0,
              balancePercent: 100,
              unit: "Cartoon",
              createdAt: new Date("2026-04-08T00:00:00.000Z")
            },
            {
              sku: "MNTD234",
              sourceCode: "MNTD234",
              name: "Polypropylene Conical tube 30 x 115 mm",
              category: undefined,
              quantity: 2,
              minThreshold: 1,
              checkInTotal: 2,
              checkOutTotal: 0,
              balancePercent: 100,
              unit: "Pack of 500",
              createdAt: new Date("2026-05-09T00:00:00.000Z")
            },
            {
              sku: "MNTD235",
              sourceCode: "MNTD235",
              name: "Reagent Reserviour 50ul pipette",
              category: undefined,
              quantity: 1,
              minThreshold: 1,
              checkInTotal: 1,
              checkOutTotal: 0,
              balancePercent: 100,
              unit: "Pack of 100",
              createdAt: new Date("2026-06-10T00:00:00.000Z")
            },
            {
              sku: "MNTD236",
              sourceCode: "MNTD236",
              name: "Tips",
              category: undefined,
              quantity: 153,
              minThreshold: 31,
              checkInTotal: 153,
              checkOutTotal: 0,
              balancePercent: 100,
              unit: "200ul",
              createdAt: new Date("2026-07-11T00:00:00.000Z")
            },
            {
              sku: "MNTD237",
              sourceCode: "MNTD237",
              name: "Tips",
              category: undefined,
              quantity: 51,
              minThreshold: 11,
              checkInTotal: 51,
              checkOutTotal: 0,
              balancePercent: 100,
              unit: "20ul",
              createdAt: new Date("2026-08-12T00:00:00.000Z")
            },
            {
              sku: "MNTD238",
              sourceCode: "MNTD238",
              name: "Tips",
              category: undefined,
              quantity: 43,
              minThreshold: 9,
              checkInTotal: 43,
              checkOutTotal: 0,
              balancePercent: 100,
              unit: "10ul",
              createdAt: new Date("2026-09-13T00:00:00.000Z")
            },
            {
              sku: "MNTD239",
              sourceCode: "MNTD239",
              name: "Luminex ( Drive Fluid)",
              category: undefined,
              quantity: 31,
              minThreshold: 7,
              checkInTotal: 31,
              checkOutTotal: 0,
              balancePercent: 100,
              unit: "Boxes",
              createdAt: new Date("2026-10-14T00:00:00.000Z")
            },
            {
              sku: "MNTD240",
              sourceCode: "MNTD240",
              name: "Envelope (40*60mm)",
              category: undefined,
              quantity: 31,
              minThreshold: 7,
              checkInTotal: 31,
              checkOutTotal: 0,
              balancePercent: 100,
              unit: "Boxes",
              createdAt: new Date("2026-11-15T00:00:00.000Z")
            },
            {
              sku: "MNTD241",
              sourceCode: "MNTD241",
              name: "PBS",
              category: undefined,
              quantity: 66,
              minThreshold: 14,
              checkInTotal: 70,
              checkOutTotal: 4,
              balancePercent: 94,
              unit: "500ml Pcs",
              createdAt: new Date("2026-12-16T00:00:00.000Z")
            },
            {
              sku: "MNTD242",
              sourceCode: "MNTD242",
              name: "Conical tube (Falcon tube)",
              category: undefined,
              quantity: 4,
              minThreshold: 1,
              checkInTotal: 4,
              checkOutTotal: 0,
              balancePercent: 100,
              unit: "15ml",
              createdAt: new Date("2026-01-17T00:00:00.000Z")
            },
            {
              sku: "MNTD243",
              sourceCode: "MNTD243",
              name: "NUNCK tube",
              category: undefined,
              quantity: 3,
              minThreshold: 1,
              checkInTotal: 3,
              checkOutTotal: 0,
              balancePercent: 100,
              unit: "Boxes",
              createdAt: new Date("2026-02-18T00:00:00.000Z")
            },
            {
              sku: "MNTD244",
              sourceCode: "MNTD244",
              name: "Lancet",
              category: undefined,
              quantity: 7,
              minThreshold: 2,
              checkInTotal: 7,
              checkOutTotal: 0,
              balancePercent: 100,
              unit: "Boxes",
              createdAt: new Date("2026-03-19T00:00:00.000Z")
            },
            {
              sku: "MNTD245",
              sourceCode: "MNTD245",
              name: "Whatman filter paper",
              category: undefined,
              quantity: 8,
              minThreshold: 2,
              checkInTotal: 8,
              checkOutTotal: 0,
              balancePercent: 100,
              unit: "Pack",
              createdAt: new Date("2026-04-20T00:00:00.000Z")
            },
            {
              sku: "MNTD246",
              sourceCode: "MNTD246",
              name: "Classer",
              category: undefined,
              quantity: 2,
              minThreshold: 1,
              checkInTotal: 2,
              checkOutTotal: 0,
              balancePercent: 100,
              unit: "Pack",
              createdAt: new Date("2026-05-21T00:00:00.000Z")
            },
            {
              sku: "MNTD247",
              sourceCode: "MNTD247",
              name: "Screw Cups",
              category: undefined,
              quantity: 2,
              minThreshold: 1,
              checkInTotal: 2,
              checkOutTotal: 0,
              balancePercent: 100,
              unit: "Boxes",
              createdAt: new Date("2026-06-22T00:00:00.000Z")
            },
            {
              sku: "MNTD248",
              sourceCode: "MNTD248",
              name: "Tipcomb for DW Magnet",
              category: undefined,
              quantity: 70,
              minThreshold: 14,
              checkInTotal: 70,
              checkOutTotal: 0,
              balancePercent: 100,
              unit: "Boxes/Packs",
              createdAt: new Date("2026-07-23T00:00:00.000Z")
            },
            {
              sku: "MNTD249",
              sourceCode: "MNTD249",
              name: "EDTA tube",
              category: undefined,
              quantity: 29,
              minThreshold: 6,
              checkInTotal: 29,
              checkOutTotal: 0,
              balancePercent: 100,
              unit: "Packs",
              createdAt: new Date("2026-08-24T00:00:00.000Z")
            },
            {
              sku: "MNTD250",
              sourceCode: "MNTD250",
              name: "Reservoir",
              category: undefined,
              quantity: 4,
              minThreshold: 1,
              checkInTotal: 4,
              checkOutTotal: 0,
              balancePercent: 100,
              unit: "Boxes",
              createdAt: new Date("2026-09-25T00:00:00.000Z")
            },
            {
              sku: "MNTD251",
              sourceCode: "MNTD251",
              name: "Refill tip",
              category: undefined,
              quantity: 18,
              minThreshold: 4,
              checkInTotal: 18,
              checkOutTotal: 0,
              balancePercent: 100,
              unit: "200ul (10*96) Pack",
              createdAt: new Date("2026-10-26T00:00:00.000Z")
            },
            {
              sku: "MNTD252",
              sourceCode: "MNTD252",
              name: "Eppendorf tubes",
              category: undefined,
              quantity: 20,
              minThreshold: 4,
              checkInTotal: 20,
              checkOutTotal: 0,
              balancePercent: 100,
              unit: "5ml Boxes",
              createdAt: new Date("2026-11-27T00:00:00.000Z")
            },
            {
              sku: "MNTD253",
              sourceCode: "MNTD253",
              name: "Eppendorf tubes",
              category: undefined,
              quantity: 18,
              minThreshold: 4,
              checkInTotal: 18,
              checkOutTotal: 0,
              balancePercent: 100,
              unit: "2ml Boxes",
              createdAt: new Date("2026-12-28T00:00:00.000Z")
            },
            {
              sku: "MNTD254",
              sourceCode: "MNTD254",
              name: "Eppendorf tubes",
              category: undefined,
              quantity: 3,
              minThreshold: 1,
              checkInTotal: 3,
              checkOutTotal: 0,
              balancePercent: 100,
              unit: "1.5ml Boxes",
              createdAt: new Date("2026-01-01T00:00:00.000Z")
            },
            {
              sku: "MNTD255",
              sourceCode: "MNTD255",
              name: "Eppendorf tubes",
              category: undefined,
              quantity: 9,
              minThreshold: 2,
              checkInTotal: 9,
              checkOutTotal: 0,
              balancePercent: 100,
              unit: "0.5ml Boxes",
              createdAt: new Date("2026-02-02T00:00:00.000Z")
            },
            {
              sku: "MNTD256",
              sourceCode: "MNTD256",
              name: "Corning Pipette (Single Channel)",
              category: undefined,
              quantity: 7,
              minThreshold: 2,
              checkInTotal: 7,
              checkOutTotal: 0,
              balancePercent: 100,
              unit: "200ul Pcs",
              createdAt: new Date("2026-03-03T00:00:00.000Z")
            },
            {
              sku: "MNTD257",
              sourceCode: "MNTD257",
              name: "Corning Pipette (Single Channel)",
              category: undefined,
              quantity: 1,
              minThreshold: 1,
              checkInTotal: 1,
              checkOutTotal: 0,
              balancePercent: 100,
              unit: "1000ul Pc",
              createdAt: new Date("2026-04-04T00:00:00.000Z")
            },
            {
              sku: "MNTD258",
              sourceCode: "MNTD258",
              name: "Corning Pipette (Single Channel)",
              category: undefined,
              quantity: 1,
              minThreshold: 1,
              checkInTotal: 1,
              checkOutTotal: 0,
              balancePercent: 100,
              unit: "10ul Pc",
              createdAt: new Date("2026-05-05T00:00:00.000Z")
            },
            {
              sku: "MNTD259",
              sourceCode: "MNTD259",
              name: "Thermoscientific Pipette (Multichannel)",
              category: undefined,
              quantity: 1,
              minThreshold: 1,
              checkInTotal: 1,
              checkOutTotal: 0,
              balancePercent: 100,
              unit: "50ul Pc",
              createdAt: new Date("2026-06-06T00:00:00.000Z")
            },
            {
              sku: "MNTD260",
              sourceCode: "MNTD260",
              name: "Transparent selant",
              category: undefined,
              quantity: 3,
              minThreshold: 1,
              checkInTotal: 3,
              checkOutTotal: 0,
              balancePercent: 100,
              unit: "Packs",
              createdAt: new Date("2026-07-07T00:00:00.000Z")
            },
            {
              sku: "MNTD261",
              sourceCode: "MNTD261",
              name: "Topvision Agarose",
              category: undefined,
              quantity: 2,
              minThreshold: 1,
              checkInTotal: 2,
              checkOutTotal: 0,
              balancePercent: 100,
              unit: "Boxes",
              createdAt: new Date("2026-08-08T00:00:00.000Z")
            },
            {
              sku: "MNTD262",
              sourceCode: "MNTD262",
              name: "Well skirted PCR Plate",
              category: undefined,
              quantity: 8,
              minThreshold: 2,
              checkInTotal: 8,
              checkOutTotal: 0,
              balancePercent: 100,
              unit: "Boxes",
              createdAt: new Date("2026-09-09T00:00:00.000Z")
            },
            {
              sku: "MNTD263",
              sourceCode: "MNTD263",
              name: "0.2ml Skirted 96-well PCR Plate",
              category: undefined,
              quantity: 6,
              minThreshold: 2,
              checkInTotal: 6,
              checkOutTotal: 0,
              balancePercent: 100,
              unit: "Boxes",
              createdAt: new Date("2026-10-10T00:00:00.000Z")
            },
            {
              sku: "MNTD264",
              sourceCode: "MNTD264",
              name: "99% Alcohol (Ethanol)",
              category: undefined,
              quantity: 2,
              minThreshold: 1,
              checkInTotal: 3,
              checkOutTotal: 1,
              balancePercent: 67,
              unit: "1L (20Pcs/box)",
              createdAt: new Date("2026-11-11T00:00:00.000Z")
            },
            {
              sku: "MNTD265",
              sourceCode: "MNTD265",
              name: "Srewcup with O-Ring for superclear microt",
              category: undefined,
              quantity: 1,
              minThreshold: 1,
              checkInTotal: 1,
              checkOutTotal: 0,
              balancePercent: 100,
              unit: "Box",
              createdAt: new Date("2026-12-12T00:00:00.000Z")
            },
            {
              sku: "MNTD266",
              sourceCode: "MNTD266",
              name: "Cotton",
              category: undefined,
              quantity: 114,
              minThreshold: 23,
              checkInTotal: 114,
              checkOutTotal: 0,
              balancePercent: 100,
              unit: "100g Pcs",
              createdAt: new Date("2026-01-13T00:00:00.000Z")
            },
            {
              sku: "MNTD267",
              sourceCode: "MNTD267",
              name: "Cotton",
              category: undefined,
              quantity: 31,
              minThreshold: 7,
              checkInTotal: 40,
              checkOutTotal: 9,
              balancePercent: 78,
              unit: "Roll",
              createdAt: new Date("2026-02-14T00:00:00.000Z")
            },
            {
              sku: "MNTD268",
              sourceCode: "MNTD268",
              name: "Reagent Reservoirs",
              category: undefined,
              quantity: 3,
              minThreshold: 1,
              checkInTotal: 3,
              checkOutTotal: 0,
              balancePercent: 100,
              unit: "Box",
              createdAt: new Date("2026-03-15T00:00:00.000Z")
            },
            {
              sku: "MNTD269",
              sourceCode: "MNTD269",
              name: "Cryobox",
              category: undefined,
              quantity: 3,
              minThreshold: 1,
              checkInTotal: 3,
              checkOutTotal: 0,
              balancePercent: 100,
              unit: "Box",
              createdAt: new Date("2026-04-16T00:00:00.000Z")
            },
            {
              sku: "MNTD270",
              sourceCode: "MNTD270",
              name: "Micropoint Pipet tips",
              category: undefined,
              quantity: 3,
              minThreshold: 1,
              checkInTotal: 3,
              checkOutTotal: 0,
              balancePercent: 100,
              unit: "Box",
              createdAt: new Date("2026-05-17T00:00:00.000Z")
            },
            {
              sku: "MNTD271",
              sourceCode: "MNTD271",
              name: "Cryotube",
              category: undefined,
              quantity: 34,
              minThreshold: 7,
              checkInTotal: 34,
              checkOutTotal: 0,
              balancePercent: 100,
              unit: "Pack",
              createdAt: new Date("2026-06-18T00:00:00.000Z")
            },
            {
              sku: "MNTD272",
              sourceCode: "MNTD272",
              name: "Bluetips",
              category: undefined,
              quantity: 2,
              minThreshold: 1,
              checkInTotal: 2,
              checkOutTotal: 0,
              balancePercent: 100,
              unit: "Pack",
              createdAt: new Date("2026-07-19T00:00:00.000Z")
            },
            {
              sku: "MNTD273",
              sourceCode: "MNTD273",
              name: "G6PD Machine",
              category: undefined,
              quantity: 6,
              minThreshold: 2,
              checkInTotal: 6,
              checkOutTotal: 0,
              balancePercent: 100,
              unit: "Each",
              createdAt: new Date("2026-08-20T00:00:00.000Z")
            },
            {
              sku: "MNTD274",
              sourceCode: "MNTD274",
              name: "Weight Scale",
              category: undefined,
              quantity: 2,
              minThreshold: 1,
              checkInTotal: 2,
              checkOutTotal: 0,
              balancePercent: 100,
              unit: "Pieces",
              createdAt: new Date("2026-09-21T00:00:00.000Z")
            },
            {
              sku: "MNTD275",
              sourceCode: "MNTD275",
              name: "Sodium Azide",
              category: undefined,
              quantity: 1,
              minThreshold: 1,
              checkInTotal: 1,
              checkOutTotal: 0,
              balancePercent: 100,
              unit: "Box",
              createdAt: new Date("2026-10-22T00:00:00.000Z")
            },
            {
              sku: "MNTD276",
              sourceCode: "MNTD276",
              name: "Sodium Azide",
              category: undefined,
              quantity: 1,
              minThreshold: 1,
              checkInTotal: 1,
              checkOutTotal: 0,
              balancePercent: 100,
              unit: "Box",
              createdAt: new Date("2026-11-23T00:00:00.000Z")
            },
            {
              sku: "MNTD277",
              sourceCode: "MNTD277",
              name: "Polyvinyl Alcohol",
              category: undefined,
              quantity: 1,
              minThreshold: 1,
              checkInTotal: 1,
              checkOutTotal: 0,
              balancePercent: 100,
              unit: "Pack",
              createdAt: new Date("2026-12-24T00:00:00.000Z")
            },
            {
              sku: "MNTD278",
              sourceCode: "MNTD278",
              name: "Bovine Serumalbumin (BSA)",
              category: undefined,
              quantity: 1,
              minThreshold: 1,
              checkInTotal: 1,
              checkOutTotal: 0,
              balancePercent: 100,
              unit: "Pack",
              createdAt: new Date("2026-01-25T00:00:00.000Z")
            },
            {
              sku: "MNTD279",
              sourceCode: "MNTD279",
              name: "PH METER (4 in one)",
              category: undefined,
              quantity: 0,
              minThreshold: 1,
              checkInTotal: 15,
              checkOutTotal: 15,
              balancePercent: 0,
              unit: "Piece",
              createdAt: new Date("2026-02-26T00:00:00.000Z")
            },
            {
              sku: "MNTD280",
              sourceCode: "MNTD280",
              name: "Fish Food (larval Food,Tetra Cichlid XL Sticks,320g))",
              category: undefined,
              quantity: 45,
              minThreshold: 9,
              checkInTotal: 50,
              checkOutTotal: 5,
              balancePercent: 90,
              unit: "Bottle",
              createdAt: new Date("2026-03-27T00:00:00.000Z")
            },
            {
              sku: "MNTD281",
              sourceCode: "MNTD281",
              name: "FALCON TUBES - 50ml (case of 500pcs)",
              category: undefined,
              quantity: 6,
              minThreshold: 2,
              checkInTotal: 13,
              checkOutTotal: 7,
              balancePercent: 46,
              unit: "Carton",
              createdAt: new Date("2026-04-28T00:00:00.000Z")
            },
            {
              sku: "MNTD282",
              sourceCode: "MNTD282",
              name: "Pasteur Pipette (P/500)(cartoon of 100 bags )",
              category: undefined,
              quantity: 1,
              minThreshold: 1,
              checkInTotal: 2,
              checkOutTotal: 1,
              balancePercent: 50,
              unit: "Carton",
              createdAt: new Date("2026-05-01T00:00:00.000Z")
            },
            {
              sku: "MNTD283",
              sourceCode: "MNTD283",
              name: "DIGITAL TDS METER (AQUAMETER) for TDS only",
              category: undefined,
              quantity: 0,
              minThreshold: 1,
              checkInTotal: 3,
              checkOutTotal: 3,
              balancePercent: 0,
              unit: "Box",
              createdAt: new Date("2026-06-02T00:00:00.000Z")
            },
            {
              sku: "MNTD284",
              sourceCode: "MNTD284",
              name: "Thermo-Hygrometer",
              category: undefined,
              quantity: 1,
              minThreshold: 1,
              checkInTotal: 15,
              checkOutTotal: 14,
              balancePercent: 7,
              unit: "Piece",
              createdAt: new Date("2026-07-03T00:00:00.000Z")
            },
            {
              sku: "MNTD285",
              sourceCode: "MNTD285",
              name: "COLD BOX (Medium-sized)",
              category: undefined,
              quantity: 6,
              minThreshold: 2,
              checkInTotal: 15,
              checkOutTotal: 9,
              balancePercent: 40,
              unit: "Piece",
              createdAt: new Date("2026-08-04T00:00:00.000Z")
            },
            {
              sku: "MNTD286",
              sourceCode: "MNTD286",
              name: "Eppendorf vials (bags 1000)",
              category: undefined,
              quantity: 1,
              minThreshold: 1,
              checkInTotal: 2,
              checkOutTotal: 1,
              balancePercent: 50,
              unit: "Carton",
              createdAt: new Date("2026-09-05T00:00:00.000Z")
            },
            {
              sku: "MNTD287",
              sourceCode: "MNTD287",
              name: "DISSECTION KIT",
              category: undefined,
              quantity: 0,
              minThreshold: 1,
              checkInTotal: 15,
              checkOutTotal: 15,
              balancePercent: 0,
              unit: "Kit",
              createdAt: new Date("2026-10-06T00:00:00.000Z")
            },
            {
              sku: "MNTD288",
              sourceCode: "MNTD288",
              name: "Dental Dam (6\"×6\" pack of 36) Powder-free latex",
              category: undefined,
              quantity: 0,
              minThreshold: 1,
              checkInTotal: 20,
              checkOutTotal: 20,
              balancePercent: 0,
              unit: "Piece",
              createdAt: new Date("2026-11-07T00:00:00.000Z")
            },
            {
              sku: "MNTD289",
              sourceCode: "MNTD289",
              name: "FORCEPS (Stainless steel,)",
              category: undefined,
              quantity: 3,
              minThreshold: 1,
              checkInTotal: 30,
              checkOutTotal: 27,
              balancePercent: 10,
              unit: "Piece",
              createdAt: new Date("2026-12-08T00:00:00.000Z")
            },
            {
              sku: "MNTD290",
              sourceCode: "MNTD290",
              name: "PETRI DISH-100 x15 mm;Non sterile; Made from borosilicate 3",
              category: undefined,
              quantity: 0,
              minThreshold: 1,
              checkInTotal: 7,
              checkOutTotal: 7,
              balancePercent: 0,
              unit: "Box",
              createdAt: new Date("2026-01-09T00:00:00.000Z")
            },
            {
              sku: "MNTD291",
              sourceCode: "MNTD291",
              name: "PLASTIC ZIP BAG (100/bag)",
              category: undefined,
              quantity: 5,
              minThreshold: 1,
              checkInTotal: 15,
              checkOutTotal: 10,
              balancePercent: 33,
              unit: "Bag",
              createdAt: new Date("2026-02-10T00:00:00.000Z")
            },
            {
              sku: "MNTD292",
              sourceCode: "MNTD292",
              name: "Silica gel orange, for drying purposes, non toxic grade, 2-5 mm",
              category: undefined,
              quantity: 8,
              minThreshold: 2,
              checkInTotal: 8,
              checkOutTotal: 0,
              balancePercent: 100,
              unit: "kg",
              createdAt: new Date("2026-03-11T00:00:00.000Z")
            },
            {
              sku: "MNTD293",
              sourceCode: "MNTD293",
              name: "Microtainer K2E Blood Collection Tubes",
              category: undefined,
              quantity: 104,
              minThreshold: 21,
              checkInTotal: 104,
              checkOutTotal: 0,
              balancePercent: 100,
              unit: "Tube",
              createdAt: new Date("2026-04-12T00:00:00.000Z")
            },
            {
              sku: "MNTD294",
              sourceCode: "MNTD294",
              name: "BD PlastiPak™ Luer Slip Syringe without Needle, 1ml",
              category: undefined,
              quantity: 16,
              minThreshold: 4,
              checkInTotal: 16,
              checkOutTotal: 0,
              balancePercent: 100,
              unit: "Not Applicable",
              createdAt: new Date("2026-05-13T00:00:00.000Z")
            },
            {
              sku: "MNTD295",
              sourceCode: "MNTD295",
              name: "Microtainer Contact-Activated Lancet, Depth Needle: 2.0mm, 0.08 in.,  Needle Gauge: 16.5g, Blue",
              category: undefined,
              quantity: 56,
              minThreshold: 12,
              checkInTotal: 56,
              checkOutTotal: 0,
              balancePercent: 100,
              unit: "Not Applicable",
              createdAt: new Date("2026-06-14T00:00:00.000Z")
            },
            {
              sku: "MNTD296",
              sourceCode: "MNTD296",
              name: "BD Vacutainer CAT Plus Blood collection tubes",
              category: undefined,
              quantity: 20,
              minThreshold: 4,
              checkInTotal: 20,
              checkOutTotal: 0,
              balancePercent: 100,
              unit: "Not Applicable",
              createdAt: new Date("2026-07-15T00:00:00.000Z")
            },
            {
              sku: "MNTD297",
              sourceCode: "MNTD297",
              name: "Tetra Cichlid XL Sticks 320g",
              category: undefined,
              quantity: 8,
              minThreshold: 2,
              checkInTotal: 8,
              checkOutTotal: 0,
              balancePercent: 100,
              unit: "Gram",
              createdAt: new Date("2026-08-16T00:00:00.000Z")
            },
            {
              sku: "MNTD298",
              sourceCode: "MNTD298",
              name: "LTS Pipette Tip 5-200uL Racked Filter Pk960",
              category: undefined,
              quantity: 4,
              minThreshold: 1,
              checkInTotal: 4,
              checkOutTotal: 0,
              balancePercent: 100,
              unit: "Rack",
              createdAt: new Date("2026-09-17T00:00:00.000Z")
            },
            {
              sku: "MNTD299",
              sourceCode: "MNTD299",
              name: "LTS Pipette Tip 5-200uL Racked Filter Pk960",
              category: undefined,
              quantity: 1,
              minThreshold: 1,
              checkInTotal: 1,
              checkOutTotal: 0,
              balancePercent: 100,
              unit: "rack",
              createdAt: new Date("2026-10-18T00:00:00.000Z")
            },
            {
              sku: "MNTD300",
              sourceCode: "MNTD300",
              name: "Silica gel orange, for drying purposes, non toxic grade, 2-5 mm",
              category: undefined,
              quantity: 2,
              minThreshold: 1,
              checkInTotal: 2,
              checkOutTotal: 0,
              balancePercent: 100,
              unit: "Kilogram",
              createdAt: new Date("2026-11-19T00:00:00.000Z")
            },
            {
              sku: "MNTD301",
              sourceCode: "MNTD301",
              name: "BD Vacutainer LH Plus Blood Collection Tubes",
              category: undefined,
              quantity: 10,
              minThreshold: 2,
              checkInTotal: 10,
              checkOutTotal: 0,
              balancePercent: 100,
              unit: "Not Applicable",
              createdAt: new Date("2026-12-20T00:00:00.000Z")
            },
            {
              sku: "MNTD302",
              sourceCode: "MNTD302",
              name: "LTS Pipette Tip 0.1-20uL Racked Filter Pk960",
              category: undefined,
              quantity: 5,
              minThreshold: 1,
              checkInTotal: 5,
              checkOutTotal: 0,
              balancePercent: 100,
              unit: "Rack",
              createdAt: new Date("2026-01-21T00:00:00.000Z")
            },
            {
              sku: "MNTD303",
              sourceCode: "MNTD303",
              name: "Immersion oil for microscopy",
              category: undefined,
              quantity: 6,
              minThreshold: 2,
              checkInTotal: 6,
              checkOutTotal: 0,
              balancePercent: 100,
              unit: "Milliliter",
              createdAt: new Date("2026-02-22T00:00:00.000Z")
            },
            {
              sku: "MNTD304",
              sourceCode: "MNTD304",
              name: "2.0ml NonKnurl, NonSkrt, Nat, Description: 2.0ml Screw Cap Tube,  NonKnurl, NonSkirted,Natural",
              category: undefined,
              quantity: 8,
              minThreshold: 2,
              checkInTotal: 8,
              checkOutTotal: 0,
              balancePercent: 100,
              unit: "Pack",
              createdAt: new Date("2026-03-23T00:00:00.000Z")
            },
            {
              sku: "MNTD305",
              sourceCode: "MNTD305",
              name: "2.0ml NonKnurl, NonSkrt, Nat, Description: 2.0ml Screw Cap Tube,  NonKnurl, NonSkirted,Natural",
              category: undefined,
              quantity: 8,
              minThreshold: 2,
              checkInTotal: 8,
              checkOutTotal: 0,
              balancePercent: 100,
              unit: "Pack",
              createdAt: new Date("2026-04-24T00:00:00.000Z")
            },
            {
              sku: "MNTD306",
              sourceCode: "MNTD306",
              name: "2.0ml NonKnurl, NonSkrt, Nat, Description: 2.0ml Screw Cap Tube,  NonKnurl, NonSkirted,Natural",
              category: undefined,
              quantity: 8,
              minThreshold: 2,
              checkInTotal: 8,
              checkOutTotal: 0,
              balancePercent: 100,
              unit: "Pack",
              createdAt: new Date("2026-05-25T00:00:00.000Z")
            },
            {
              sku: "MNTD307",
              sourceCode: "MNTD307",
              name: "2.0ml NonKnurl, NonSkrt, Nat, Description: 2.0ml Screw Cap Tube,  NonKnurl, NonSkirted,Natural",
              category: undefined,
              quantity: 8,
              minThreshold: 2,
              checkInTotal: 8,
              checkOutTotal: 0,
              balancePercent: 100,
              unit: "Pack",
              createdAt: new Date("2026-06-26T00:00:00.000Z")
            },
            {
              sku: "MNTD308",
              sourceCode: "MNTD308",
              name: "2.0ml NonKnurl, NonSkrt, Nat, Description: 2.0ml Screw Cap Tube,  NonKnurl, NonSkirted,Natural",
              category: undefined,
              quantity: 8,
              minThreshold: 2,
              checkInTotal: 8,
              checkOutTotal: 0,
              balancePercent: 100,
              unit: "Pack",
              createdAt: new Date("2026-07-27T00:00:00.000Z")
            },
            {
              sku: "MNTD309",
              sourceCode: "MNTD309",
              name: "LTS Pipette Tip 5-200uL Racked Filter Pk960",
              category: undefined,
              quantity: 5,
              minThreshold: 1,
              checkInTotal: 5,
              checkOutTotal: 0,
              balancePercent: 100,
              unit: "Rack",
              createdAt: new Date("2026-08-28T00:00:00.000Z")
            },
            {
              sku: "MNTD310",
              sourceCode: "MNTD310",
              name: "LTS Pipette Tip 0.1-20uL Racked Filter Pk960",
              category: undefined,
              quantity: 5,
              minThreshold: 1,
              checkInTotal: 5,
              checkOutTotal: 0,
              balancePercent: 100,
              unit: "Rack",
              createdAt: new Date("2026-09-01T00:00:00.000Z")
            },
            {
              sku: "MNTD311",
              sourceCode: "MNTD311",
              name: "LTS Pipette Tip 0.1-20uL Racked Filter Pk960",
              category: undefined,
              quantity: 5,
              minThreshold: 1,
              checkInTotal: 5,
              checkOutTotal: 0,
              balancePercent: 100,
              unit: "Rack",
              createdAt: new Date("2026-10-02T00:00:00.000Z")
            },
            {
              sku: "MNTD312",
              sourceCode: "MNTD312",
              name: "LTS Pipette Tip 5-200uL Racked Filter Pk960",
              category: undefined,
              quantity: 5,
              minThreshold: 1,
              checkInTotal: 5,
              checkOutTotal: 0,
              balancePercent: 100,
              unit: "Rack",
              createdAt: new Date("2026-11-03T00:00:00.000Z")
            },
            {
              sku: "MNTD313",
              sourceCode: "MNTD313",
              name: "0.7 mL External Thread Co-Mold Jacket Tube, precapped, pre-racked in  low profile rack",
              category: undefined,
              quantity: 5,
              minThreshold: 1,
              checkInTotal: 5,
              checkOutTotal: 0,
              balancePercent: 100,
              unit: "Case",
              createdAt: new Date("2026-12-04T00:00:00.000Z")
            },
            {
              sku: "MNTD314",
              sourceCode: "MNTD314",
              name: "0.7 mL External Thread Co-Mold Jacket Tube, Uncapped, pre-racked in  low profile rack",
              category: undefined,
              quantity: 5,
              minThreshold: 1,
              checkInTotal: 5,
              checkOutTotal: 0,
              balancePercent: 100,
              unit: "Case",
              createdAt: new Date("2026-01-05T00:00:00.000Z")
            },
            {
              sku: "MNTD315",
              sourceCode: "MNTD315",
              name: "LTS Pipette Tip 5-200uL Racked Filter Pk960",
              category: undefined,
              quantity: 5,
              minThreshold: 1,
              checkInTotal: 5,
              checkOutTotal: 0,
              balancePercent: 100,
              unit: "Box",
              createdAt: new Date("2026-02-06T00:00:00.000Z")
            },
            {
              sku: "MNTD316",
              sourceCode: "MNTD316",
              name: "LTS Pipette Tip 0.1-20uL Racked Filter Pk960",
              category: undefined,
              quantity: 5,
              minThreshold: 1,
              checkInTotal: 5,
              checkOutTotal: 0,
              balancePercent: 100,
              unit: "Box",
              createdAt: new Date("2026-03-07T00:00:00.000Z")
            },
            {
              sku: "MNTD317",
              sourceCode: "MNTD317",
              name: "LTS Pipette Tip 0.1-20uL Racked Filter Pk960",
              category: undefined,
              quantity: 4,
              minThreshold: 1,
              checkInTotal: 5,
              checkOutTotal: 1,
              balancePercent: 80,
              unit: "Box",
              createdAt: new Date("2026-04-08T00:00:00.000Z")
            },
            {
              sku: "MNTD318",
              sourceCode: "MNTD318",
              name: "LTS Pipette Tip  0.1-20uL Racked Filter Pk960",
              category: undefined,
              quantity: 4,
              minThreshold: 1,
              checkInTotal: 5,
              checkOutTotal: 1,
              balancePercent: 80,
              unit: "Box",
              createdAt: new Date("2026-05-09T00:00:00.000Z")
            },
            {
              sku: "MNTD319",
              sourceCode: "MNTD319",
              name: "0.7 mL External Thread Co-Mold Jacket Tube, uncapped, pre-racked in  low profile rack",
              category: undefined,
              quantity: 5,
              minThreshold: 1,
              checkInTotal: 5,
              checkOutTotal: 0,
              balancePercent: 100,
              unit: "Case",
              createdAt: new Date("2026-06-10T00:00:00.000Z")
            },
            {
              sku: "MNTD320",
              sourceCode: "MNTD320",
              name: "0.7 mL External Thread Co-Mold Jacket Tube, precapped, pre-racked in  low profile rack",
              category: undefined,
              quantity: 5,
              minThreshold: 1,
              checkInTotal: 5,
              checkOutTotal: 0,
              balancePercent: 100,
              unit: "Case",
              createdAt: new Date("2026-07-11T00:00:00.000Z")
            },
            {
              sku: "MNTD321",
              sourceCode: "MNTD321",
              name: "0.7 mL External Thread Co-Mold Jacket Tube, precapped, pre-racked in  low profile rack",
              category: undefined,
              quantity: 5,
              minThreshold: 1,
              checkInTotal: 5,
              checkOutTotal: 0,
              balancePercent: 100,
              unit: "Case",
              createdAt: new Date("2026-08-12T00:00:00.000Z")
            },
            {
              sku: "MNTD322",
              sourceCode: "MNTD322",
              name: "0.7 mL External Thread Co-Mold Jacket Tube, uncapped, pre-racked in  low profile rack",
              category: undefined,
              quantity: 5,
              minThreshold: 1,
              checkInTotal: 5,
              checkOutTotal: 0,
              balancePercent: 100,
              unit: "Case",
              createdAt: new Date("2026-09-13T00:00:00.000Z")
            },
            {
              sku: "MNTD323",
              sourceCode: "MNTD323",
              name: "0.7 mL External Thread Co-Mold Jacket Tube, uncapped, pre-racked in  low profile rack",
              category: undefined,
              quantity: 5,
              minThreshold: 1,
              checkInTotal: 5,
              checkOutTotal: 0,
              balancePercent: 100,
              unit: "Case",
              createdAt: new Date("2026-10-14T00:00:00.000Z")
            },
            {
              sku: "MNTD324",
              sourceCode: "MNTD324",
              name: "0.7 mL External Thread Co-Mold Jacket Tube, uncapped, pre-racked in  low profile rack",
              category: undefined,
              quantity: 5,
              minThreshold: 1,
              checkInTotal: 5,
              checkOutTotal: 0,
              balancePercent: 100,
              unit: "Case",
              createdAt: new Date("2026-11-15T00:00:00.000Z")
            },
            {
              sku: "MNTD325",
              sourceCode: "MNTD325",
              name: "0.7 mL External Thread Co-Mold Jacket Tube, precapped, pre-racked in  low profile rack",
              category: undefined,
              quantity: 5,
              minThreshold: 1,
              checkInTotal: 5,
              checkOutTotal: 0,
              balancePercent: 100,
              unit: "Case",
              createdAt: new Date("2026-12-16T00:00:00.000Z")
            },
            {
              sku: "MNTD326",
              sourceCode: "MNTD326",
              name: "0.7 mL External Thread Co-Mold Jacket Tube, precapped, pre-racked in  low profile rack",
              category: undefined,
              quantity: 5,
              minThreshold: 1,
              checkInTotal: 5,
              checkOutTotal: 0,
              balancePercent: 100,
              unit: "Case",
              createdAt: new Date("2026-01-17T00:00:00.000Z")
            },
            {
              sku: "MNTD327",
              sourceCode: "MNTD327",
              name: "0.7 mL External Thread Co-Mold Jacket Tube, uncapped, pre-racked in  low profile rack",
              category: undefined,
              quantity: 5,
              minThreshold: 1,
              checkInTotal: 5,
              checkOutTotal: 0,
              balancePercent: 100,
              unit: "Case",
              createdAt: new Date("2026-02-18T00:00:00.000Z")
            },
            {
              sku: "MNTD328",
              sourceCode: "MNTD328",
              name: "0.7 mL External Thread Co-Mold Jacket Tube, uncapped, pre-racked in  low profile rack",
              category: undefined,
              quantity: 4,
              minThreshold: 1,
              checkInTotal: 4,
              checkOutTotal: 0,
              balancePercent: 100,
              unit: "Case",
              createdAt: new Date("2026-03-19T00:00:00.000Z")
            },
            {
              sku: "MNTD329",
              sourceCode: "MNTD329",
              name: "0.7 mL External Thread Co-Mold Jacket Tube, precapped, pre-racked in  low profile rack",
              category: undefined,
              quantity: 5,
              minThreshold: 1,
              checkInTotal: 5,
              checkOutTotal: 0,
              balancePercent: 100,
              unit: "Case",
              createdAt: new Date("2026-04-20T00:00:00.000Z")
            },
            {
              sku: "MNTD330",
              sourceCode: "MNTD330",
              name: "1mL External Thread Co-Mold Jacket Tube, uncapped, pre-racked in  low profile rack",
              category: undefined,
              quantity: 5,
              minThreshold: 1,
              checkInTotal: 5,
              checkOutTotal: 0,
              balancePercent: 100,
              unit: "Case",
              createdAt: new Date("2026-05-21T00:00:00.000Z")
            },
            {
              sku: "MNTD331",
              sourceCode: "MNTD331",
              name: "0.7 mL External Thread Co-Mold Jacket Tube, precapped, pre-racked in  low profile rack",
              category: undefined,
              quantity: 5,
              minThreshold: 1,
              checkInTotal: 5,
              checkOutTotal: 0,
              balancePercent: 100,
              unit: "Case",
              createdAt: new Date("2026-06-22T00:00:00.000Z")
            },
            {
              sku: "MNTD332",
              sourceCode: "MNTD332",
              name: "0.7 mL External Thread Co-Mold Jacket Tube, precapped, pre-racked in  low profile rack",
              category: undefined,
              quantity: 5,
              minThreshold: 1,
              checkInTotal: 5,
              checkOutTotal: 0,
              balancePercent: 100,
              unit: "Case",
              createdAt: new Date("2026-07-23T00:00:00.000Z")
            },
            {
              sku: "MNTD333",
              sourceCode: "MNTD333",
              name: "0.7 mL External Thread Co-Mold Jacket Tube, uncapped, pre-racked in  low profile rack",
              category: undefined,
              quantity: 5,
              minThreshold: 1,
              checkInTotal: 5,
              checkOutTotal: 0,
              balancePercent: 100,
              unit: "Case",
              createdAt: new Date("2026-08-24T00:00:00.000Z")
            },
            {
              sku: "MNTD334",
              sourceCode: "MNTD334",
              name: "External thread screwcaps Black",
              category: undefined,
              quantity: 35,
              minThreshold: 7,
              checkInTotal: 35,
              checkOutTotal: 0,
              balancePercent: 100,
              unit: "Bag",
              createdAt: new Date("2026-09-25T00:00:00.000Z")
            },
            {
              sku: "MNTD335",
              sourceCode: "MNTD335",
              name: "1mL External Thread Co-Mold Jacket Tube, uncapped, pre-racked in low  profile rack",
              category: undefined,
              quantity: 5,
              minThreshold: 1,
              checkInTotal: 5,
              checkOutTotal: 0,
              balancePercent: 100,
              unit: "Case",
              createdAt: new Date("2026-10-26T00:00:00.000Z")
            },
            {
              sku: "MNTD336",
              sourceCode: "MNTD336",
              name: "0.7mL External Thread Co-Mold Jacket Tube, uncapped, pre-racked in low  profile rack",
              category: undefined,
              quantity: 5,
              minThreshold: 1,
              checkInTotal: 5,
              checkOutTotal: 0,
              balancePercent: 100,
              unit: "Case",
              createdAt: new Date("2026-11-27T00:00:00.000Z")
            },
            {
              sku: "MNTD337",
              sourceCode: "MNTD337",
              name: "0.7mL External Thread Co-Mold Jacket Tube, uncapped, pre-racked in low  profile rackj",
              category: undefined,
              quantity: 5,
              minThreshold: 1,
              checkInTotal: 5,
              checkOutTotal: 0,
              balancePercent: 100,
              unit: "Case",
              createdAt: new Date("2026-12-28T00:00:00.000Z")
            },
            {
              sku: "MNTD338",
              sourceCode: "MNTD338",
              name: "0.7mL External Thread Co-Mold Jacket Tube, uncapped, pre-racked in low  profile rack",
              category: undefined,
              quantity: 5,
              minThreshold: 1,
              checkInTotal: 5,
              checkOutTotal: 0,
              balancePercent: 100,
              unit: "Case",
              createdAt: new Date("2026-01-01T00:00:00.000Z")
            },
            {
              sku: "MNTD339",
              sourceCode: "MNTD339",
              name: "0.7 mL External Thread Co-Mold Jacket Tube, uncapped, pre-racked in low  profile rack",
              category: undefined,
              quantity: 5,
              minThreshold: 1,
              checkInTotal: 5,
              checkOutTotal: 0,
              balancePercent: 100,
              unit: "Case",
              createdAt: new Date("2026-02-02T00:00:00.000Z")
            },
            {
              sku: "MNTD340",
              sourceCode: "MNTD340",
              name: "External thread screwcaps Black",
              category: undefined,
              quantity: 5,
              minThreshold: 1,
              checkInTotal: 5,
              checkOutTotal: 0,
              balancePercent: 100,
              unit: "Bag",
              createdAt: new Date("2026-03-03T00:00:00.000Z")
            },
            {
              sku: "MNTD341",
              sourceCode: "MNTD341",
              name: "0.7mL External Thread Co-Mold Jacket Tube, precapped, pre-racked in low  profile rack",
              category: undefined,
              quantity: 5,
              minThreshold: 1,
              checkInTotal: 5,
              checkOutTotal: 0,
              balancePercent: 100,
              unit: "Case",
              createdAt: new Date("2026-04-04T00:00:00.000Z")
            },
            {
              sku: "MNTD342",
              sourceCode: "MNTD342",
              name: "0.7mL External Thread Co-Mold Jacket Tube, uncapped, pre-racked in low  profile rack",
              category: undefined,
              quantity: 5,
              minThreshold: 1,
              checkInTotal: 5,
              checkOutTotal: 0,
              balancePercent: 100,
              unit: "Case",
              createdAt: new Date("2026-05-05T00:00:00.000Z")
            },
            {
              sku: "MNTD343",
              sourceCode: "MNTD343",
              name: "0.7mL External Thread Co-Mold Jacket Tube, uncapped, pre-racked in low  profile rack",
              category: undefined,
              quantity: 5,
              minThreshold: 1,
              checkInTotal: 5,
              checkOutTotal: 0,
              balancePercent: 100,
              unit: "Case",
              createdAt: new Date("2026-06-06T00:00:00.000Z")
            },
            {
              sku: "MNTD344",
              sourceCode: "MNTD344",
              name: "0.7 mL External Thread Co-Mold Jacket Tube, uncapped, pre-racked in low  profile rack",
              category: undefined,
              quantity: 5,
              minThreshold: 1,
              checkInTotal: 5,
              checkOutTotal: 0,
              balancePercent: 100,
              unit: "Case",
              createdAt: new Date("2026-07-07T00:00:00.000Z")
            },
            {
              sku: "MNTD345",
              sourceCode: "MNTD345",
              name: "0.7 mL External Thread Co-Mold Jacket Tube, uncapped, pre-racked in low  profile rack",
              category: undefined,
              quantity: 5,
              minThreshold: 1,
              checkInTotal: 5,
              checkOutTotal: 0,
              balancePercent: 100,
              unit: "Case",
              createdAt: new Date("2026-08-08T00:00:00.000Z")
            },
            {
              sku: "MNTD346",
              sourceCode: "MNTD346",
              name: "0.7 mL External Thread Co-Mold Jacket Tube, uncapped, pre-racked in low  profile rack",
              category: undefined,
              quantity: 5,
              minThreshold: 1,
              checkInTotal: 5,
              checkOutTotal: 0,
              balancePercent: 100,
              unit: "Case",
              createdAt: new Date("2026-09-09T00:00:00.000Z")
            },
            {
              sku: "MNTD347",
              sourceCode: "MNTD347",
              name: "External thread screwcaps Black",
              category: undefined,
              quantity: 25,
              minThreshold: 5,
              checkInTotal: 25,
              checkOutTotal: 0,
              balancePercent: 100,
              unit: "Bag",
              createdAt: new Date("2026-10-10T00:00:00.000Z")
            },
            {
              sku: "MNTD348",
              sourceCode: "MNTD348",
              name: "External thread screwcaps Black",
              category: undefined,
              quantity: 23,
              minThreshold: 5,
              checkInTotal: 23,
              checkOutTotal: 0,
              balancePercent: 100,
              unit: "Bag",
              createdAt: new Date("2026-11-11T00:00:00.000Z")
            },
            {
              sku: "MNTD349",
              sourceCode: "MNTD349",
              name: "Combitips advanced 0.5 mL",
              category: undefined,
              quantity: 4,
              minThreshold: 1,
              checkInTotal: 4,
              checkOutTotal: 0,
              balancePercent: 100,
              unit: "Piece",
              createdAt: new Date("2026-12-12T00:00:00.000Z")
            },
            {
              sku: "MNTD350",
              sourceCode: "MNTD350",
              name: "LTS Pipette Tip 5-200uL Racked Filter Pk960",
              category: undefined,
              quantity: 5,
              minThreshold: 1,
              checkInTotal: 5,
              checkOutTotal: 0,
              balancePercent: 100,
              unit: "Rack",
              createdAt: new Date("2026-01-13T00:00:00.000Z")
            },
            {
              sku: "MNTD351",
              sourceCode: "MNTD351",
              name: "LTS Pipette Tip 1000uL Racked Filter Pk960",
              category: undefined,
              quantity: 5,
              minThreshold: 1,
              checkInTotal: 5,
              checkOutTotal: 0,
              balancePercent: 100,
              unit: "Rack",
              createdAt: new Date("2026-02-14T00:00:00.000Z")
            },
            {
              sku: "MNTD352",
              sourceCode: "MNTD352",
              name: "Combitips advanced 0.1 mL",
              category: undefined,
              quantity: 4,
              minThreshold: 1,
              checkInTotal: 4,
              checkOutTotal: 0,
              balancePercent: 100,
              unit: "Piece",
              createdAt: new Date("2026-03-15T00:00:00.000Z")
            },
            {
              sku: "MNTD353",
              sourceCode: "MNTD353",
              name: "Combitips advanced 0.5 mL",
              category: undefined,
              quantity: 8,
              minThreshold: 2,
              checkInTotal: 8,
              checkOutTotal: 0,
              balancePercent: 100,
              unit: "Piece",
              createdAt: new Date("2026-04-16T00:00:00.000Z")
            },
            {
              sku: "MNTD354",
              sourceCode: "MNTD354",
              name: "glove medium size powder -free latex 10*100",
              category: "Glove",
              quantity: 30,
              minThreshold: 6,
              checkInTotal: 40,
              checkOutTotal: 10,
              balancePercent: 75,
              unit: "Carton",
              createdAt: new Date("2026-05-17T00:00:00.000Z")
            },
            {
              sku: "MNTD355",
              sourceCode: "MNTD355",
              name: "chloroform",
              category: undefined,
              quantity: 15,
              minThreshold: 3,
              checkInTotal: 15,
              checkOutTotal: 0,
              balancePercent: 100,
              unit: "Bottle",
              createdAt: new Date("2026-06-18T00:00:00.000Z")
            },
            {
              sku: "MNTD356",
              sourceCode: "MNTD356",
              name: "microscop slide frosted",
              category: undefined,
              quantity: 70,
              minThreshold: 14,
              checkInTotal: 70,
              checkOutTotal: 0,
              balancePercent: 100,
              unit: "Box",
              createdAt: new Date("2026-07-19T00:00:00.000Z")
            },
            {
              sku: "MNTD357",
              sourceCode: "MNTD357",
              name: "microscop slide  non frosted",
              category: undefined,
              quantity: 70,
              minThreshold: 14,
              checkInTotal: 70,
              checkOutTotal: 0,
              balancePercent: 100,
              unit: "Box",
              createdAt: new Date("2026-08-20T00:00:00.000Z")
            },
            {
              sku: "MNTD358",
              sourceCode: "MNTD358",
              name: "microscop slide box",
              category: undefined,
              quantity: 30,
              minThreshold: 6,
              checkInTotal: 30,
              checkOutTotal: 0,
              balancePercent: 100,
              unit: "Box",
              createdAt: new Date("2026-09-21T00:00:00.000Z")
            },
            {
              sku: "MNTD359",
              sourceCode: "MNTD359",
              name: "50 ml polypropylene conical tube",
              category: undefined,
              quantity: 20,
              minThreshold: 4,
              checkInTotal: 20,
              checkOutTotal: 0,
              balancePercent: 100,
              unit: "Rack",
              createdAt: new Date("2026-10-22T00:00:00.000Z")
            },
            {
              sku: "MNTD360",
              sourceCode: "MNTD360",
              name: "VWR UNIVERSAL pipet tips 1250ul",
              category: undefined,
              quantity: 9,
              minThreshold: 2,
              checkInTotal: 9,
              checkOutTotal: 0,
              balancePercent: 100,
              unit: "Pack",
              createdAt: new Date("2026-11-23T00:00:00.000Z")
            },
            {
              sku: "MNTD361",
              sourceCode: "MNTD361",
              name: "LDPE clear zipper bag 40x60mm",
              category: undefined,
              quantity: 5,
              minThreshold: 1,
              checkInTotal: 5,
              checkOutTotal: 0,
              balancePercent: 100,
              unit: "Piece",
              createdAt: new Date("2026-12-24T00:00:00.000Z")
            },
            {
              sku: "MNTD362",
              sourceCode: "MNTD362",
              name: "VWR UNIVERSAL pipet tips",
              category: undefined,
              quantity: 11,
              minThreshold: 3,
              checkInTotal: 11,
              checkOutTotal: 0,
              balancePercent: 100,
              unit: "Pack",
              createdAt: new Date("2026-01-25T00:00:00.000Z")
            },
            {
              sku: "MNTD363",
              sourceCode: "MNTD363",
              name: "axygen assay plateP-96-450-C-SVbottom",
              category: undefined,
              quantity: 4,
              minThreshold: 1,
              checkInTotal: 4,
              checkOutTotal: 0,
              balancePercent: 100,
              unit: "Plate",
              createdAt: new Date("2026-02-26T00:00:00.000Z")
            },
            {
              sku: "MNTD364",
              sourceCode: "MNTD364",
              name: "VWR universal pipet tip(20ul)",
              category: undefined,
              quantity: 8,
              minThreshold: 2,
              checkInTotal: 8,
              checkOutTotal: 0,
              balancePercent: 100,
              unit: "Box",
              createdAt: new Date("2026-03-27T00:00:00.000Z")
            },
            {
              sku: "MNTD365",
              sourceCode: "MNTD365",
              name: "VWR universal pipet tip (200ul)",
              category: undefined,
              quantity: 4,
              minThreshold: 1,
              checkInTotal: 7,
              checkOutTotal: 3,
              balancePercent: 57,
              unit: "Box",
              createdAt: new Date("2026-04-28T00:00:00.000Z")
            },
            {
              sku: "MNTD366",
              sourceCode: "MNTD366",
              name: "VWR universal pipet tip(100ul)",
              category: undefined,
              quantity: 12,
              minThreshold: 3,
              checkInTotal: 12,
              checkOutTotal: 0,
              balancePercent: 100,
              unit: "Box",
              createdAt: new Date("2026-05-01T00:00:00.000Z")
            },
            {
              sku: "MNTD367",
              sourceCode: "MNTD367",
              name: "ethanol  absolute=99%",
              category: undefined,
              quantity: 1,
              minThreshold: 1,
              checkInTotal: 1,
              checkOutTotal: 0,
              balancePercent: 100,
              unit: "Bottle",
              createdAt: new Date("2026-06-02T00:00:00.000Z")
            },
            {
              sku: "MNTD368",
              sourceCode: "MNTD368",
              name: "alumaseal film for pcr folid storag sterile",
              category: undefined,
              quantity: 0,
              minThreshold: 1,
              checkInTotal: 1,
              checkOutTotal: 1,
              balancePercent: 0,
              unit: "Pack",
              createdAt: new Date("2026-07-03T00:00:00.000Z")
            },
            {
              sku: "MNTD369",
              sourceCode: "MNTD369",
              name: "hepparigen tube 100/unit",
              category: undefined,
              quantity: 0,
              minThreshold: 1,
              checkInTotal: 1,
              checkOutTotal: 1,
              balancePercent: 0,
              unit: "Pack",
              createdAt: new Date("2026-08-04T00:00:00.000Z")
            },
            {
              sku: "MNTD197",
              sourceCode: "MNTD197",
              name: "Cephalexin",
              category: undefined,
              lotNumber: "PvSTATEM",
              expiryDate: new Date("Invalid Date"),
                          ~~~~~~~~~~~~~~~~~~~~~~~~
              quantity: 10,
              minThreshold: 2,
              checkInTotal: 10,
              checkOutTotal: 0,
              balancePercent: 100,
              unit: "11 x 10",
              createdAt: new Date("2026-01-01T00:00:00.000Z")
            }
          ]
        })

Invalid value for argument `expiryDate`: Provided Date object is invalid. Expected Date.
    at wn (/home/yabets/Fikre/roms-monorepo/node_modules/.pnpm/@prisma+client@5.22.0_prisma@5.22.0/node_modules/@prisma/client/runtime/library.js:29:1363)
    at e.throwValidationError (/home/yabets/Fikre/roms-monorepo/node_modules/.pnpm/@prisma+client@5.22.0_prisma@5.22.0/node_modules/@prisma/client/runtime/library.js:29:10206)
    at sa (/home/yabets/Fikre/roms-monorepo/node_modules/.pnpm/@prisma+client@5.22.0_prisma@5.22.0/node_modules/@prisma/client/runtime/library.js:29:7746)
    at aa (/home/yabets/Fikre/roms-monorepo/node_modules/.pnpm/@prisma+client@5.22.0_prisma@5.22.0/node_modules/@prisma/client/runtime/library.js:29:8908)
    at sa (/home/yabets/Fikre/roms-monorepo/node_modules/.pnpm/@prisma+client@5.22.0_prisma@5.22.0/node_modules/@prisma/client/runtime/library.js:29:8439)
    at od (/home/yabets/Fikre/roms-monorepo/node_modules/.pnpm/@prisma+client@5.22.0_prisma@5.22.0/node_modules/@prisma/client/runtime/library.js:29:9612)
    at sa (/home/yabets/Fikre/roms-monorepo/node_modules/.pnpm/@prisma+client@5.22.0_prisma@5.22.0/node_modules/@prisma/client/runtime/library.js:29:8075)
    at aa (/home/yabets/Fikre/roms-monorepo/node_modules/.pnpm/@prisma+client@5.22.0_prisma@5.22.0/node_modules/@prisma/client/runtime/library.js:29:8908)
    at mr (/home/yabets/Fikre/roms-monorepo/node_modules/.pnpm/@prisma+client@5.22.0_prisma@5.22.0/node_modules/@prisma/client/runtime/library.js:29:6037)
    at vn (/home/yabets/Fikre/roms-monorepo/node_modules/.pnpm/@prisma+client@5.22.0_prisma@5.22.0/node_modules/@prisma/client/runtime/library.js:29:5902) {
  clientVersion: '5.22.0'
}
undefined
/home/yabets/Fikre/roms-monorepo/packages/db:
 ERR_PNPM_RECURSIVE_EXEC_FIRST_FAIL  Command failed with exit code 1: tsx seed.ts
 ELIFECYCLE  Command failed with exit code 1.
